date,etl:adj_close,etl:adj_open,etl:adj_high,etl:adj_low,price:成交筆數,price:成交金額,foreign_investors_shareholding:全體外資及陸資持股比率,institutional_investors_trading_summary:外陸資買賣超股數(不含外資自營商),institutional_investors_trading_summary:外資自營商買賣超股數,institutional_investors_trading_summary:自營商買賣超股數(自行買賣),institutional_investors_trading_summary:自營商買賣超股數(避險),RSI,SMA,MACD,CMO,ATR,BBANDS_upper,BBANDS_mid,BBANDS_lower
2023-11-09,97.6,98.0,98.1,95.1,13.0,1248100.0,24.66,0.0,0.0,0.0,0.0,64.32748538011695,64.32748538011695,64.32748538011695,64.32748538011695,64.32748538011695,109.76732539603569,103.02000000000001,96.27267460396433
2023-11-10,99.3,97.4,106.5,97.4,11.0,1105700.0,24.66,0.0,0.0,0.0,0.0,65.25739320920043,65.25739320920043,65.25739320920043,65.25739320920043,65.25739320920043,106.24451407491185,101.28,96.31548592508815
2023-11-13,98.4,95.0,98.9,92.0,11.0,1423900.0,24.66,0.0,0.0,0.0,0.0,64.30172513988742,64.30172513988742,64.30172513988742,64.30172513988742,64.30172513988742,104.18717821277211,100.06000000000002,95.93282178722792
2023-11-14,98.0,98.8,98.8,92.0,11.0,1038700.0,24.66,0.0,0.0,0.0,0.0,63.85414724537978,63.85414724537978,63.85414724537978,63.85414724537978,63.85414724537978,102.6849964538972,99.16000000000001,95.63500354610282
2023-11-15,93.9,98.7,98.7,90.0,32.0,3803706.0,24.67,4000.0,0.0,0.0,7000.0,59.29803071149613,59.29803071149613,59.29803071149613,59.29803071149613,59.29803071149613,101.15505047071832,97.44000000000001,93.7249495292817
2023-11-16,88.8,93.3,93.3,88.6,19.0,2404689.0,24.67,3000.0,0.0,0.0,3000.0,54.124678502953515,54.124678502953515,54.124678502953515,54.124678502953515,54.124678502953515,103.49731411675332,95.68,87.8626858832467
2023-11-17,97.5,93.9,97.5,86.7,26.0,3921000.0,24.67,0.0,0.0,0.0,-6000.0,60.46167922348209,60.46167922348209,60.46167922348209,60.46167922348209,60.46167922348209,102.58349777999545,95.32000000000001,88.05650222000456
2023-11-20,97.5,96.3,97.5,87.8,50.0,9838900.0,24.67,0.0,0.0,0.0,0.0,60.46167922348209,60.46167922348209,60.46167922348209,60.46167922348209,60.46167922348209,102.12867655568478,95.14000000000001,88.15132344431525
2023-11-21,93.0,96.5,96.5,87.8,39.0,3885607.0,24.67,0.0,0.0,0.0,3000.0,55.834956771490184,55.834956771490184,55.834956771490184,55.834956771490184,55.834956771490184,100.61777739660609,94.14000000000001,87.66222260339394
2023-11-22,86.5,90.5,90.5,83.7,41.0,6321106.0,24.67,0.0,0.0,0.0,6000.0,49.89558038580994,49.89558038580994,49.89558038580994,49.89558038580994,49.89558038580994,101.59586033910526,92.66000000000001,83.72413966089476
2023-11-23,86.3,84.8,86.3,84.8,8.0,557150.0,24.67,0.0,0.0,0.0,0.0,49.72032557438259,49.72032557438259,49.72032557438259,49.72032557438259,49.72032557438259,102.12441669140695,92.16000000000001,82.19558330859307
2023-11-24,88.0,83.8,88.0,83.8,17.0,9504500.0,24.67,0.0,0.0,0.0,-3000.0,51.286572278271635,51.286572278271635,51.286572278271635,51.286572278271635,51.286572278271635,98.97100453449444,90.26000000000002,81.5489954655056
2023-11-27,87.9,86.2,89.8,86.2,11.0,894887.0,24.67,0.0,0.0,0.0,0.0,51.185565392775665,51.185565392775665,51.185565392775665,51.185565392775665,51.185565392775665,93.20390789386462,88.34,83.47609210613538
2023-11-28,90.8,87.8,91.0,86.9,19.0,3091815.0,24.67,-1000.0,0.0,0.0,-2000.0,54.014058162305325,54.014058162305325,54.014058162305325,54.014058162305325,54.014058162305325,91.1174524083497,87.9,84.6825475916503
2023-11-29,93.4,90.8,93.9,90.8,19.0,4473619.0,24.67,-1000.0,0.0,0.0,-2000.0,56.450467950721325,56.450467950721325,56.450467950721325,56.450467950721325,56.450467950721325,94.31650672589562,89.28000000000002,84.24349327410441
2023-11-30,92.5,92.5,92.5,91.0,4.0,2866000.0,24.67,0.0,0.0,0.0,0.0,55.357134350827195,55.357134350827195,55.357134350827195,55.357134350827195,55.357134350827195,95.03734435260283,90.52000000000001,86.00265564739719
2023-12-01,92.5,92.8,92.8,92.5,5.0,2888326.0,24.67,0.0,0.0,0.0,-1000.0,55.357134350827195,55.357134350827195,55.357134350827195,55.357134350827195,55.357134350827195,95.32158941970982,91.42000000000002,87.51841058029021
2023-12-04,92.5,93.4,93.5,85.0,22.0,3229400.0,24.68,3000.0,0.0,1000.0,-1000.0,55.357134350827195,55.357134350827195,55.357134350827195,55.357134350827195,55.357134350827195,94.03044372872797,92.34,90.64955627127203
2023-12-05,94.5,90.9,94.5,88.8,19.0,3210100.0,24.68,0.0,0.0,-1000.0,-5000.0,57.63453112966312,57.63453112966312,57.63453112966312,57.63453112966312,57.63453112966312,94.66189759465746,93.08000000000001,91.49810240534256
2023-12-06,88.8,94.1,94.1,85.1,51.0,10089300.0,24.67,-1000.0,0.0,1000.0,6000.0,49.83217104328638,49.83217104328638,49.83217104328638,49.83217104328638,49.83217104328638,95.85994594555179,92.16,88.46005405444821
2023-12-07,91.8,86.8,91.8,86.0,25.0,4892000.0,24.68,1000.0,0.0,-1000.0,-13000.0,53.40730362393493,53.40730362393493,53.40730362393493,53.40730362393493,53.40730362393493,95.71085355981418,92.02000000000001,88.32914644018584
2023-12-08,89.9,87.6,89.9,87.6,5.0,3232600.0,24.68,0.0,0.0,0.0,0.0,50.93174926688378,50.93174926688378,50.93174926688378,50.93174926688378,50.93174926688378,95.49399549323792,91.5,87.50600450676208
2023-12-11,85.9,86.8,86.8,84.0,21.0,7194700.0,24.68,0.0,0.0,2000.0,3000.0,46.08831188439274,46.08831188439274,46.08831188439274,46.08831188439274,46.08831188439274,95.94804993043618,90.17999999999999,84.4119500695638
2023-12-12,86.5,85.9,86.9,83.0,19.0,3601500.0,24.68,3000.0,0.0,0.0,-2000.0,46.903960617912695,46.903960617912695,46.903960617912695,46.903960617912695,46.903960617912695,92.93136760111098,88.58,84.22863239888902
2023-12-13,89.5,89.5,89.5,88.0,31.0,4812700.0,24.68,0.0,0.0,-1000.0,-6000.0,50.903631811419615,50.903631811419615,50.903631811419615,50.903631811419615,50.903631811419615,93.13524631249446,88.72,84.30475368750554
2023-12-14,87.9,88.8,92.5,85.0,30.0,3930000.0,24.68,0.0,0.0,1000.0,3000.0,48.792577832217724,48.792577832217724,48.792577832217724,48.792577832217724,48.792577832217724,91.10379518932811,87.93999999999998,84.77620481067186
2023-12-15,87.9,85.0,87.9,85.0,17.0,8161300.0,24.7,12000.0,0.0,-1000.0,-1000.0,48.792577832217724,48.792577832217724,48.792577832217724,48.792577832217724,48.792577832217724,90.04950194261907,87.53999999999999,85.03049805738091
2023-12-18,85.8,85.2,85.8,81.7,29.0,4879100.0,24.7,0.0,0.0,1000.0,6000.0,45.8953168322192,45.8953168322192,45.8953168322192,45.8953168322192,45.8953168322192,90.08249878048959,87.52,84.9575012195104
2023-12-19,87.8,85.0,87.8,85.0,8.0,863800.0,24.7,0.0,0.0,0.0,-2000.0,49.001227526042726,49.001227526042726,49.001227526042726,49.001227526042726,49.001227526042726,90.13082964078694,87.78,85.42917035921306
2023-12-20,85.5,83.0,86.4,81.0,32.0,6499454.0,24.76,36000.0,0.0,0.0,0.0,45.74873911005996,45.74873911005996,45.74873911005996,45.74873911005996,45.74873911005996,89.16137571271197,86.97999999999999,84.798624287288
2023-12-21,84.5,82.0,84.5,80.9,28.0,3735400.0,24.76,2000.0,0.0,-1000.0,-2000.0,44.36977527862207,44.36977527862207,44.36977527862207,44.36977527862207,44.36977527862207,88.97432234407184,86.3,83.62567765592816
2023-12-22,88.8,82.0,88.8,82.0,40.0,10476300.0,24.76,0.0,0.0,0.0,-9000.0,51.18362308396962,51.18362308396962,51.18362308396962,51.18362308396962,51.18362308396962,89.63822735090359,86.48,83.32177264909642
2023-12-25,83.5,89.1,90.8,80.0,83.0,12953000.0,24.77,7000.0,0.0,1000.0,0.0,44.02579988124593,44.02579988124593,44.02579988124593,44.02579988124593,44.02579988124593,90.00276286012544,86.02000000000001,82.03723713987458
2023-12-26,86.5,80.6,86.5,80.0,50.0,9285385.0,24.79,10000.0,0.0,0.0,-3000.0,48.422625504795306,48.422625504795306,48.422625504795306,48.422625504795306,48.422625504795306,89.3989009329738,85.76,82.12109906702621
2023-12-27,86.3,85.0,86.4,82.1,15.0,5593700.0,24.79,3000.0,0.0,-2000.0,0.0,48.15107491099214,48.15107491099214,48.15107491099214,48.15107491099214,48.15107491099214,89.56943831294677,85.92,82.27056168705323
2023-12-28,86.6,86.6,87.1,80.0,55.0,8539700.0,24.81,11000.0,0.0,1000.0,1000.0,48.61655550478831,48.61655550478831,48.61655550478831,48.61655550478831,48.61655550478831,89.71188374651295,86.34,82.96811625348705
2023-12-29,88.5,87.6,88.5,85.8,45.0,7230332.0,24.81,-1000.0,0.0,-1000.0,-4000.0,51.581330269436556,51.581330269436556,51.581330269436556,51.581330269436556,51.581330269436556,89.48099984379881,86.28,83.07900015620119
2024-01-02,85.5,88.5,88.5,79.7,112.0,17793200.0,24.81,0.0,0.0,1000.0,0.0,46.97275329532559,46.97275329532559,46.97275329532559,46.97275329532559,46.97275329532559,88.65747313508766,86.68,84.70252686491236
2024-01-03,84.4,83.4,84.4,80.6,28.0,8837200.0,24.81,1000.0,0.0,0.0,-3000.0,45.37202157498334,45.37202157498334,45.37202157498334,45.37202157498334,45.37202157498334,88.96880047253173,86.26000000000002,83.55119952746831
2024-01-04,83.9,83.9,83.9,80.0,44.0,8672139.0,24.82,9000.0,0.0,-1000.0,0.0,44.6275677686173,44.6275677686173,44.6275677686173,44.6275677686173,44.6275677686173,89.07702896559861,85.78000000000002,82.48297103440142
2024-01-05,91.0,92.2,92.2,84.7,111.0,19305697.0,24.81,-10000.0,0.0,1000.0,-13000.0,55.73437538429851,55.73437538429851,55.73437538429851,55.73437538429851,55.73437538429851,92.04828358570695,86.66000000000001,81.27171641429307
2024-01-08,90.5,89.8,90.6,89.7,20.0,10758436.0,24.81,0.0,0.0,-1000.0,-1000.0,54.89923728099208,54.89923728099208,54.89923728099208,54.89923728099208,54.89923728099208,93.18222181891444,87.06000000000002,80.93777818108559
2024-01-09,92.5,95.6,95.6,87.2,27.0,3241281.0,24.82,10000.0,0.0,0.0,-5000.0,57.6338677763362,57.6338677763362,57.6338677763362,57.6338677763362,57.6338677763362,95.62725889025911,88.46000000000001,81.2927411097409
2024-01-10,91.2,89.8,91.2,88.2,15.0,3851510.0,24.82,0.0,0.0,1000.0,0.0,55.28727364405084,55.28727364405084,55.28727364405084,55.28727364405084,55.28727364405084,95.885509047062,89.82000000000002,83.75449095293804
2024-01-11,91.2,90.8,91.9,88.3,32.0,5726710.0,24.83,8000.0,0.0,0.0,-9000.0,55.28727364405084,55.28727364405084,55.28727364405084,55.28727364405084,55.28727364405084,92.60302683268773,91.28,89.95697316731227
2024-01-12,92.0,91.0,92.0,88.0,36.0,7130804.0,24.83,0.0,0.0,-1000.0,-6000.0,56.54987781041147,56.54987781041147,56.54987781041147,56.54987781041147,56.54987781041147,92.87370011121733,91.48,90.08629988878268
2024-01-15,86.4,91.0,91.9,85.0,39.0,10931010.0,24.83,-3000.0,0.0,5000.0,0.0,46.62476511560368,46.62476511560368,46.62476511560368,46.62476511560368,46.62476511560368,95.03373981850775,90.66000000000001,86.28626018149227
2024-01-16,82.0,89.8,89.8,80.0,85.0,15546100.0,24.82,-5000.0,0.0,-5000.0,5000.0,40.5959034420152,40.5959034420152,40.5959034420152,40.5959034420152,40.5959034420152,96.22665507245486,88.56000000000002,80.89334492754517
2024-01-17,83.4,83.0,83.9,75.0,118.0,25155400.0,24.79,-23000.0,0.0,1000.0,-3000.0,43.116287021773495,43.116287021773495,43.116287021773495,43.116287021773495,43.116287021773495,95.04785685757307,87.00000000000003,78.95214314242699
2024-01-18,82.8,86.3,86.3,77.4,74.0,18351200.0,24.78,-3000.0,0.0,-1000.0,0.0,42.288197445707844,42.288197445707844,42.288197445707844,42.288197445707844,42.288197445707844,92.63289272449595,85.32000000000002,78.0071072755041
2024-01-19,83.5,83.9,83.9,82.5,21.0,5433600.0,24.78,-1000.0,0.0,0.0,-1000.0,43.64800280702127,43.64800280702127,43.64800280702127,43.64800280702127,43.64800280702127,86.59832167503414,83.62000000000003,80.64167832496592
2024-01-22,82.8,83.2,83.2,79.3,31.0,6214900.0,24.78,1000.0,0.0,1000.0,3000.0,42.567866226324135,42.567866226324135,42.567866226324135,42.567866226324135,42.567866226324135,83.97331262918894,82.90000000000003,81.82668737081113
2024-01-23,81.8,80.0,82.1,79.0,45.0,12177260.0,24.79,4000.0,0.0,0.0,0.0,41.00667709323328,41.00667709323328,41.00667709323328,41.00667709323328,41.00667709323328,84.07061967602006,82.86000000000004,81.64938032398003
2024-01-24,81.5,81.3,81.5,78.3,34.0,8713700.0,24.8,6000.0,0.0,-1000.0,0.0,40.526481165129844,40.526481165129844,40.526481165129844,40.526481165129844,40.526481165129844,83.94095858940847,82.48000000000005,81.01904141059163
2024-01-25,83.1,81.3,85.6,80.3,58.0,10198300.0,24.79,-3000.0,0.0,1000.0,-5000.0,44.27449607983561,44.27449607983561,44.27449607983561,44.27449607983561,44.27449607983561,84.07153517751803,82.54000000000003,81.00846482248204
2024-01-26,82.7,82.0,82.7,82.0,5.0,1821700.0,24.79,1000.0,0.0,-1000.0,0.0,43.53582826088425,43.53582826088425,43.53582826088425,43.53582826088425,43.53582826088425,83.61547561691211,82.38000000000002,81.14452438308794
2024-01-29,82.7,82.5,82.7,80.0,64.0,8945000.0,24.8,2000.0,0.0,1000.0,-1000.0,43.53582826088425,43.53582826088425,43.53582826088425,43.53582826088425,43.53582826088425,83.57061967602304,82.36000000000003,81.14938032397701
2024-01-30,81.6,82.5,82.5,79.7,28.0,6351400.0,24.8,-1000.0,0.0,0.0,0.0,41.336301603475675,41.336301603475675,41.336301603475675,41.336301603475675,41.336301603475675,83.6124395537035,82.32000000000002,81.02756044629655
2024-01-31,79.8,81.5,81.7,79.8,18.0,2349800.0,24.79,-1000.0,0.0,0.0,0.0,37.95691534944615,37.95691534944615,37.95691534944615,37.95691534944615,37.95691534944615,84.37799916596563,81.98000000000003,79.58200083403443
2024-02-01,81.0,78.5,81.0,78.0,52.0,5039300.0,24.8,2000.0,0.0,-1000.0,-1000.0,41.39662861590769,41.39662861590769,41.39662861590769,41.39662861590769,41.39662861590769,83.753080025894,81.56000000000003,79.36691997410607
2024-02-02,80.8,80.8,80.9,79.0,36.0,6090912.0,24.8,2000.0,0.0,1000.0,0.0,40.988753691939515,40.988753691939515,40.988753691939515,40.988753691939515,40.988753691939515,83.09164850324804,81.18000000000004,79.26835149675203
2024-02-05,80.8,79.1,80.8,79.0,16.0,3533700.0,24.8,-1000.0,0.0,-1000.0,0.0,40.988753691939515,40.988753691939515,40.988753691939515,40.988753691939515,40.988753691939515,81.95931013967991,80.80000000000004,79.64068986032017
2024-02-15,80.9,82.8,82.8,78.2,58.0,5729300.0,24.8,-1000.0,0.0,1000.0,3000.0,41.32399838801497,41.32399838801497,41.32399838801497,41.32399838801497,41.32399838801497,81.53269696915308,80.66000000000004,79.787303030847
2024-02-16,82.4,79.1,82.4,78.4,85.0,8353500.0,24.79,-7000.0,0.0,-1000.0,-3000.0,46.256102434440464,46.256102434440464,46.256102434440464,46.256102434440464,46.256102434440464,82.40898331964685,81.18000000000004,79.95101668035322
2024-02-19,83.0,80.0,83.0,79.2,79.0,10241700.0,24.79,5000.0,0.0,2000.0,0.0,48.13411371326467,48.13411371326467,48.13411371326467,48.13411371326467,48.13411371326467,83.44933143127884,81.58000000000004,79.71066856872125
2024-02-20,83.8,81.7,83.8,78.8,122.0,19009600.0,24.81,11000.0,0.0,0.0,-2000.0,50.6121767115295,50.6121767115295,50.6121767115295,50.6121767115295,50.6121767115295,84.52742412017307,82.18000000000004,79.832575879827
2024-02-21,82.2,80.5,82.9,80.1,112.0,12262700.0,24.83,12000.0,0.0,0.0,0.0,45.88979255720841,45.88979255720841,45.88979255720841,45.88979255720841,45.88979255720841,84.37666376810574,82.46000000000004,80.54333623189433
2024-02-22,81.8,82.1,82.4,80.0,50.0,12852200.0,24.84,4000.0,0.0,0.0,0.0,44.76525983073745,44.76525983073745,44.76525983073745,44.76525983073745,44.76525983073745,84.0348476619197,82.64000000000004,81.24515233808039
2024-02-23,81.1,81.5,81.5,80.1,19.0,4682400.0,24.84,1000.0,0.0,-1000.0,0.0,42.7891442712324,42.7891442712324,42.7891442712324,42.7891442712324,42.7891442712324,84.2578711350799,82.38000000000004,80.50212886492018
2024-02-26,83.0,80.0,83.0,80.0,90.0,13376200.0,24.86,12000.0,0.0,0.0,-3000.0,49.327703467358624,49.327703467358624,49.327703467358624,49.327703467358624,49.327703467358624,84.2578711350799,82.38000000000004,80.50212886492018
2024-02-27,82.4,82.5,82.8,80.3,45.0,8880600.0,24.89,22000.0,0.0,0.0,0.0,47.482192160784905,47.482192160784905,47.482192160784905,47.482192160784905,47.482192160784905,83.36491106405101,82.10000000000005,80.83508893594909
2024-02-29,82.0,80.3,82.0,80.2,74.0,14585900.0,24.91,12000.0,0.0,0.0,0.0,46.24014405638142,46.24014405638142,46.24014405638142,46.24014405638142,46.24014405638142,83.32237870703045,82.06000000000004,80.79762129296964
2024-03-01,82.3,80.3,82.5,80.3,75.0,12920100.0,24.94,21000.0,0.0,0.0,0.0,47.352468835803094,47.352468835803094,47.352468835803094,47.352468835803094,47.352468835803094,83.40322162141808,82.16000000000005,80.91677837858202
2024-03-04,82.2,80.5,82.2,80.5,61.0,9539000.0,24.96,11000.0,0.0,0.0,0.0,47.00335600395132,47.00335600395132,47.00335600395132,47.00335600395132,47.00335600395132,83.05409198182622,82.38000000000005,81.70590801817389
2024-03-05,80.7,81.7,81.8,80.7,57.0,6582300.0,24.97,5000.0,0.0,0.0,0.0,42.00116301093602,42.00116301093602,42.00116301093602,42.00116301093602,42.00116301093602,83.1683589227338,81.92000000000004,80.67164107726629
2024-03-06,82.4,80.5,82.4,80.0,103.0,15242100.0,24.98,11000.0,0.0,0.0,0.0,48.6685743345017,48.6685743345017,48.6685743345017,48.6685743345017,48.6685743345017,83.1683589227338,81.92000000000004,80.67164107726629
2024-03-07,82.8,80.3,83.2,80.2,1122.0,19029619.0,24.99,4000.0,0.0,0.0,-3000.0,50.12151204581791,50.12151204581791,50.12151204581791,50.12151204581791,50.12151204581791,83.51888845987347,82.08000000000006,80.64111154012664
2024-03-08,84.8,80.8,84.8,80.0,117.0,16138592.0,25.01,13000.0,0.0,1000.0,0.0,56.71817008467841,56.71817008467841,56.71817008467841,56.71817008467841,56.71817008467841,85.21636112851752,82.58000000000006,79.94363887148259
2024-03-11,83.8,83.3,83.9,81.8,96.0,11567600.0,25.02,5000.0,0.0,0.0,0.0,52.947562382341026,52.947562382341026,52.947562382341026,52.947562382341026,52.947562382341026,85.65971012969682,82.90000000000006,80.1402898703033
2024-03-12,83.9,81.1,84.4,81.1,64.0,9097500.0,25.05,19000.0,0.0,1000.0,0.0,53.282032836714386,53.282032836714386,53.282032836714386,53.282032836714386,53.282032836714386,85.24458206020186,83.54000000000005,81.83541793979823
2024-03-13,86.4,83.0,86.5,82.1,90.0,16157200.0,25.15,66000.0,0.0,-1000.0,-6000.0,60.78673308136503,60.78673308136503,60.78673308136503,60.78673308136503,60.78673308136503,86.75859463324352,84.34000000000006,81.9214053667566
2024-03-14,91.2,89.4,92.0,89.0,49.0,10590736.0,25.25,63000.0,0.0,0.0,-7000.0,70.56394335030707,70.56394335030707,70.56394335030707,70.56394335030707,70.56394335030707,91.52548817090323,86.02000000000005,80.51451182909688
2024-03-15,92.1,92.0,94.9,88.0,93.0,23522725.0,25.2,-32000.0,0.0,1000.0,-3000.0,71.97490428511784,71.97490428511784,71.97490428511784,71.97490428511784,71.97490428511784,94.56282429543205,87.48000000000005,80.39717570456804
2024-03-18,92.1,92.1,94.7,86.5,70.0,19248500.0,25.14,-37000.0,0.0,0.0,-1000.0,71.97490428511784,71.97490428511784,71.97490428511784,71.97490428511784,71.97490428511784,95.87688355250205,89.14000000000003,82.40311644749801
2024-03-19,91.8,91.5,92.1,88.1,84.0,20075807.0,25.1,-25000.0,0.0,-1000.0,-3000.0,70.66544923236552,70.66544923236552,70.66544923236552,70.66544923236552,70.66544923236552,95.08971394944403,90.72000000000004,86.35028605055605
2024-03-20,91.8,91.4,92.1,85.8,230.0,30636555.0,24.96,-95000.0,0.0,1000.0,-2000.0,70.6654492323655,70.6654492323655,70.6654492323655,70.6654492323655,70.6654492323655,92.45726706897909,91.80000000000004,91.14273293102099
2024-03-21,91.0,92.0,92.0,85.0,199.0,50042500.0,24.96,0.0,0.0,0.0,0.0,66.90117426635702,66.90117426635702,66.90117426635702,66.90117426635702,66.90117426635702,92.56597766716452,91.76000000000003,90.95402233283555
2024-03-22,87.7,88.0,89.7,87.5,30.0,10505788.0,24.94,-12000.0,0.0,-1000.0,0.0,54.09927759759081,54.09927759759081,54.09927759759081,54.09927759759081,54.09927759759081,94.14288216152164,90.88000000000002,87.6171178384784
2024-03-25,89.7,88.9,89.8,85.0,82.0,23488093.0,24.93,-3000.0,0.0,1000.0,0.0,59.195510471941546,59.195510471941546,59.195510471941546,59.195510471941546,59.195510471941546,93.50612298532509,90.40000000000003,87.29387701467498
2024-03-26,86.8,88.9,89.0,85.8,48.0,19690955.0,24.91,-11000.0,0.0,1000.0,0.0,50.44899705477797,50.44899705477797,50.44899705477797,50.44899705477797,50.44899705477797,93.20105248582077,89.40000000000003,85.5989475141793
2024-03-27,86.1,86.2,88.4,85.2,51.0,19214245.0,24.9,-10000.0,0.0,0.0,0.0,48.5829822195505,48.5829822195505,48.5829822195505,48.5829822195505,48.5829822195505,91.91425779057336,88.26000000000003,84.60574220942671
2024-03-28,88.8,85.4,88.8,85.4,52.0,19293515.0,24.9,4000.0,0.0,-1000.0,-3000.0,55.43073994965045,55.43073994965045,55.43073994965045,55.43073994965045,55.43073994965045,90.42890781745326,87.82000000000004,85.2110921825468
2024-03-29,88.0,85.9,88.8,85.9,55.0,21087985.0,24.9,-1000.0,0.0,1000.0,0.0,53.171155847064966,53.171155847064966,53.171155847064966,53.171155847064966,53.171155847064966,90.48890781745257,87.88000000000004,85.2710921825475
2024-04-01,89.2,86.3,89.2,86.1,59.0,21373900.0,24.93,14000.0,0.0,-1000.0,0.0,56.064307836796864,56.064307836796864,56.064307836796864,56.064307836796864,56.064307836796864,90.12742412017153,87.78000000000004,85.43257587982856
2024-04-02,90.9,87.4,91.3,86.9,76.0,32430400.0,24.98,38000.0,0.0,1000.0,-3000.0,59.84880867338873,59.84880867338873,59.84880867338873,59.84880867338873,59.84880867338873,91.73687742826473,88.60000000000005,85.46312257173537
2024-04-03,92.4,89.8,92.8,86.8,93.0,25976200.0,24.96,-16000.0,0.0,0.0,-3000.0,62.88654154243874,62.88654154243874,62.88654154243874,62.88654154243874,62.88654154243874,93.02884837124851,89.86000000000004,86.69115162875157
2024-04-08,92.3,91.5,92.4,88.0,65.0,22097740.0,24.97,7000.0,0.0,-1000.0,-1000.0,62.54679921405799,62.54679921405799,62.54679921405799,62.54679921405799,62.54679921405799,94.01624073235216,90.56000000000003,87.1037592676479
2024-04-09,91.4,88.8,91.5,88.8,93.0,21311740.0,24.98,3000.0,0.0,1000.0,0.0,59.43466063229002,59.43466063229002,59.43466063229002,59.43466063229002,59.43466063229002,93.56757384414855,91.24000000000004,88.91242615585152
2024-04-10,89.6,90.6,91.6,85.0,221.0,37286764.0,24.99,9000.0,0.0,0.0,1000.0,53.68165961610434,53.68165961610434,53.68165961610434,53.68165961610434,53.68165961610434,93.37290038725102,91.32000000000002,89.26709961274902
2024-04-11,88.8,88.1,88.8,87.1,16.0,5008972.0,24.97,-10000.0,0.0,-1000.0,3000.0,51.30474091532409,51.30474091532409,51.30474091532409,51.30474091532409,51.30474091532409,93.8065443399268,90.90000000000003,87.99345566007327
2024-04-12,88.9,87.4,89.1,85.0,96.0,22956500.0,24.9,-44000.0,0.0,1000.0,0.0,51.59326949666499,51.59326949666499,51.59326949666499,51.59326949666499,51.59326949666499,93.00855834904267,90.20000000000002,87.39144165095736
2024-04-15,89.0,86.1,89.0,85.8,71.0,23257297.0,24.89,-8000.0,0.0,0.0,0.0,51.90019302101428,51.90019302101428,51.90019302101428,51.90019302101428,51.90019302101428,91.48154577591428,89.54000000000002,87.59845422408576
2024-04-16,88.4,86.5,88.4,86.5,13.0,2022900.0,24.89,-2000.0,0.0,-1000.0,0.0,49.857555337248385,49.857555337248385,49.857555337248385,49.857555337248385,49.857555337248385,89.71562877717136,88.94000000000001,88.16437122282866
2024-04-17,85.9,88.4,88.5,84.0,144.0,36194800.0,24.9,9000.0,0.0,1000.0,4000.0,42.37418604578489,42.37418604578489,42.37418604578489,42.37418604578489,42.37418604578489,90.53580821130156,88.2,85.86419178869845
2024-04-18,90.3,85.1,90.3,83.5,290.0,48691090.0,24.84,-40000.0,0.0,-1000.0,-6000.0,55.1371240442043,55.1371240442043,55.1371240442043,55.1371240442043,55.1371240442043,91.38721318921696,88.5,85.61278681078304
2024-04-19,89.4,87.3,90.3,86.0,75.0,29395700.0,24.83,-5000.0,0.0,1000.0,0.0,52.57225774371966,52.57225774371966,52.57225774371966,52.57225774371966,52.57225774371966,91.56917496958188,88.6,85.63082503041811
2024-04-22,88.9,89.1,89.3,86.2,48.0,10326300.0,24.84,2000.0,0.0,-1000.0,3000.0,51.14872451702483,51.14872451702483,51.14872451702483,51.14872451702483,51.14872451702483,91.53945941009297,88.58,85.62054058990702
2024-04-23,89.1,88.6,89.5,88.6,25.0,6342300.0,24.83,-3000.0,0.0,0.0,0.0,51.71196669910684,51.71196669910684,51.71196669910684,51.71196669910684,51.71196669910684,91.69832167503533,88.72,85.74167832496467
2024-04-24,88.4,86.8,88.6,86.0,81.0,28824721.0,24.85,10000.0,0.0,1000.0,0.0,49.55825294946174,49.55825294946174,49.55825294946174,49.55825294946174,49.55825294946174,90.4811106216308,89.22,87.9588893783692
2024-04-25,90.8,86.2,91.2,86.1,112.0,24468480.0,24.85,-1000.0,0.0,-1000.0,-3000.0,56.28124498331203,56.28124498331203,56.28124498331203,56.28124498331203,56.28124498331203,90.93691063450768,89.32000000000001,87.70308936549233
2024-04-26,90.0,89.9,90.4,89.9,26.0,11916500.0,24.84,-4000.0,0.0,0.0,-3000.0,53.71142568855733,53.71142568855733,53.71142568855733,53.71142568855733,53.71142568855733,91.14926884953178,89.44000000000001,87.73073115046824
2024-04-29,89.2,90.0,90.0,86.9,72.0,16018100.0,24.85,9000.0,0.0,2000.0,3000.0,51.194077470685286,51.194077470685286,51.194077470685286,51.194077470685286,51.194077470685286,91.14924225024082,89.50000000000001,87.85075774975921
2024-04-30,91.9,87.2,91.9,87.0,92.0,32245970.0,24.83,-16000.0,0.0,-1000.0,-1000.0,58.29791253646184,58.29791253646184,58.29791253646184,58.29791253646184,58.29791253646184,92.49836010465661,90.06000000000002,87.62163989534342
2024-05-02,90.1,88.7,90.2,88.7,13.0,3230100.0,24.83,-2000.0,0.0,0.0,0.0,52.782204234021215,52.782204234021215,52.782204234021215,52.782204234021215,52.782204234021215,92.21107702762116,90.40000000000002,88.58892297237888
2024-05-03,92.2,88.5,93.8,87.0,115.0,35871200.0,24.83,5000.0,0.0,1000.0,-12000.0,57.798753050138984,57.798753050138984,57.798753050138984,57.798753050138984,57.798753050138984,93.01032186617552,90.68000000000002,88.34967813382453
2024-05-06,92.6,89.7,93.8,88.3,105.0,32863300.0,24.88,30000.0,0.0,0.0,0.0,58.6988450665647,58.6988450665647,58.6988450665647,58.6988450665647,58.6988450665647,93.83210942021378,91.20000000000002,88.56789057978625
2024-05-07,93.3,90.0,93.3,87.5,126.0,33897385.0,24.91,17000.0,0.0,0.0,-6000.0,60.294839294324106,60.294839294324106,60.294839294324106,60.294839294324106,60.294839294324106,94.1569136622632,92.02000000000002,89.88308633773686
2024-05-08,89.0,91.3,91.5,88.9,43.0,20176000.0,24.88,-20000.0,0.0,0.0,0.0,48.01931208939328,48.01931208939328,48.01931208939328,48.01931208939328,48.01931208939328,94.68123433277742,91.44000000000003,88.19876566722263
2024-05-09,90.4,90.2,90.9,88.2,52.0,20087820.0,24.88,3000.0,0.0,0.0,-3000.0,51.48269823028655,51.48269823028655,51.48269823028655,51.48269823028655,51.48269823028655,94.64960314959986,91.50000000000003,88.3503968504002
2024-05-10,90.6,89.2,91.2,88.3,141.0,34851000.0,24.95,42000.0,0.0,0.0,-2000.0,51.97497925573153,51.97497925573153,51.97497925573153,51.97497925573153,51.97497925573153,94.30512399753538,91.18000000000002,88.05487600246467
2024-05-13,90.6,90.5,91.4,88.7,107.0,31858100.0,24.98,22000.0,0.0,-1000.0,-3000.0,51.97497925573153,51.97497925573153,51.97497925573153,51.97497925573153,51.97497925573153,93.56969532386279,90.78000000000002,87.99030467613724
2024-05-14,94.0,90.7,94.0,86.0,362.0,46570700.0,25.07,60000.0,0.0,1000.0,-12000.0,59.98075830277636,59.98075830277636,59.98075830277636,59.98075830277636,59.98075830277636,94.2243002284872,90.92000000000002,87.61569977151284
2024-05-15,89.0,92.0,92.4,88.9,80.0,21908100.0,25.07,-3000.0,0.0,1000.0,7000.0,47.45295168159981,47.45295168159981,47.45295168159981,47.45295168159981,47.45295168159981,94.2243002284872,90.92000000000002,87.61569977151284
2024-05-16,90.4,90.0,94.0,88.6,229.0,38559000.0,25.09,14000.0,0.0,14000.0,-10000.0,50.56630815695614,50.56630815695614,50.56630815695614,50.56630815695614,50.56630815695614,94.22430022848829,90.92,87.61569977151171
2024-05-17,89.1,90.9,93.5,88.2,218.0,40630700.0,25.17,52000.0,0.0,-13000.0,9000.0,47.737889220394926,47.737889220394926,47.737889220394926,47.737889220394926,47.737889220394926,94.2430373997499,90.62,86.99696260025011
2024-05-20,90.4,90.8,93.0,86.0,242.0,44146300.0,25.14,-20000.0,0.0,-1000.0,-6000.0,50.70716779548745,50.70716779548745,50.70716779548745,50.70716779548745,50.70716779548745,94.20745089560052,90.58,86.95254910439948
2024-05-21,90.8,90.8,92.0,88.0,142.0,35517600.0,25.12,-15000.0,0.0,1000.0,-2000.0,51.618022150519835,51.618022150519835,51.618022150519835,51.618022150519835,51.618022150519835,91.42377895927697,89.94,88.45622104072302
2024-05-22,89.9,90.0,91.8,87.3,152.0,36918900.0,25.11,-2000.0,0.0,0.0,6000.0,49.40588986347768,49.40588986347768,49.40588986347768,49.40588986347768,49.40588986347768,91.28893113569265,90.12,88.95106886430736
2024-05-23,91.0,88.5,91.0,86.0,205.0,54414300.0,25.01,-66000.0,0.0,0.0,-3000.0,52.10743772816412,52.10743772816412,52.10743772816412,52.10743772816412,52.10743772816412,91.60586968631348,90.24000000000001,88.87413031368654
2024-05-24,91.0,88.6,91.0,85.9,197.0,40827100.0,24.94,-43000.0,0.0,-1000.0,-5000.0,52.10743772816413,52.10743772816413,52.10743772816413,52.10743772816413,52.10743772816413,91.46285230022603,90.62,89.77714769977398
2024-05-27,86.0,90.2,91.0,86.0,193.0,40067800.0,24.96,9000.0,0.0,1000.0,23000.0,40.66167671150625,40.66167671150625,40.66167671150625,40.66167671150625,40.66167671150625,93.56747958844801,89.74000000000001,85.91252041155201
2024-05-28,88.0,88.0,88.0,85.0,116.0,33747300.0,24.97,6000.0,0.0,0.0,0.0,45.79101029028622,45.79101029028622,45.79101029028622,45.79101029028622,45.79101029028622,93.04243446546235,89.18,85.31756553453766
2024-05-29,85.2,87.9,88.8,85.0,144.0,33973900.0,24.99,15000.0,0.0,7000.0,0.0,40.51125181893553,40.51125181893553,40.51125181893553,40.51125181893553,40.51125181893553,93.10226284768717,88.24,83.37773715231282
2024-05-30,85.6,85.4,88.0,83.0,138.0,33213100.0,24.98,-5000.0,0.0,-8000.0,-7000.0,41.548109233274396,41.548109233274396,41.548109233274396,41.548109233274396,41.548109233274396,91.45623090627097,87.16,82.86376909372902
2024-05-31,83.8,87.0,87.5,82.9,171.0,27774904.0,25.02,23000.0,0.0,1000.0,6000.0,38.3120477123341,38.3120477123341,38.3120477123341,38.3120477123341,38.3120477123341,88.43999999999967,85.72,83.00000000000033
2024-06-03,81.0,83.5,86.0,80.0,263.0,40980200.0,25.06,27000.0,0.0,0.0,18000.0,33.89014537860057,33.89014537860057,33.89014537860057,33.89014537860057,33.89014537860057,89.31982608366845,84.72,80.12017391633155
2024-06-04,80.5,82.5,83.0,80.0,53.0,30017200.0,25.06,-1000.0,0.0,0.0,-3000.0,33.15426065878862,33.15426065878862,33.15426065878862,33.15426065878862,33.15426065878862,87.4388149994988,83.22,79.0011850005012
2024-06-05,79.9,81.9,82.4,78.0,85.0,22827900.0,25.07,7000.0,0.0,0.0,0.0,32.249314440396844,32.249314440396844,32.249314440396844,32.249314440396844,32.249314440396844,86.51724683716678,82.16,77.80275316283321
2024-06-06,80.5,80.6,81.1,79.2,24.0,7478600.0,25.05,-16000.0,0.0,-1000.0,0.0,34.1839532607246,34.1839532607246,34.1839532607246,34.1839532607246,34.1839532607246,83.88983635876836,81.13999999999999,78.39016364123161
2024-06-07,80.5,80.5,80.8,80.5,10.0,4108000.0,25.04,-1000.0,0.0,0.0,0.0,34.1839532607246,34.1839532607246,34.1839532607246,34.1839532607246,34.1839532607246,81.17742383097026,80.47999999999999,79.78257616902972
2024-06-11,80.0,79.0,80.6,79.0,13.0,5470100.0,25.04,-1000.0,0.0,0.0,0.0,33.26588822328247,33.26588822328247,33.26588822328247,33.26588822328247,33.26588822328247,80.82258639865566,80.27999999999999,79.73741360134431
2024-06-12,81.0,80.5,83.0,79.0,77.0,21737800.0,25.01,-22000.0,0.0,1000.0,-3000.0,36.915037986604474,36.915037986604474,36.915037986604474,36.915037986604474,36.915037986604474,81.17397732965917,80.37999999999998,79.5860226703408
2024-06-13,80.2,81.0,84.0,80.0,120.0,22962030.0,25.03,14000.0,0.0,0.0,0.0,35.2541924476826,35.2541924476826,35.2541924476826,35.2541924476826,35.2541924476826,81.11646138102607,80.43999999999997,79.76353861897387
2024-06-14,80.2,80.0,81.8,80.0,8.0,4290400.0,25.06,16000.0,0.0,-1000.0,0.0,35.2541924476826,35.2541924476826,35.2541924476826,35.2541924476826,35.2541924476826,81.07742383098066,80.37999999999997,79.68257616901927
2024-06-17,79.6,81.6,81.6,79.6,10.0,5018900.0,25.05,-2000.0,0.0,0.0,0.0,33.92650550671868,33.92650550671868,33.92650550671868,33.92650550671868,33.92650550671868,81.11214034008646,80.19999999999997,79.2878596599135
2024-06-18,79.3,80.7,80.8,79.3,14.0,1536964.0,25.03,-11000.0,0.0,1000.0,0.0,33.25219501162197,33.25219501162197,33.25219501162197,33.25219501162197,33.25219501162197,81.23029910707163,80.05999999999997,78.88970089292832
2024-06-19,82.4,79.1,83.0,79.1,77.0,23577800.0,25.03,-3000.0,0.0,1000.0,-6000.0,45.34155215238017,45.34155215238017,45.34155215238017,45.34155215238017,45.34155215238017,82.51476435505228,80.33999999999999,78.1652356449477
2024-06-20,82.9,81.0,83.4,80.5,54.0,18874900.0,25.06,16000.0,0.0,0.0,0.0,47.00866155889043,47.00866155889043,47.00866155889043,47.00866155889043,47.00866155889043,83.8448608736327,80.88,77.9151391263673
2024-06-21,81.8,82.9,83.5,80.5,66.0,22113100.0,25.07,9000.0,0.0,0.0,0.0,43.840620076867,43.840620076867,43.840620076867,43.840620076867,43.840620076867,84.14754134830957,81.2,78.25245865169043
2024-06-24,80.4,81.8,83.0,78.0,113.0,29176600.0,25.11,23000.0,0.0,0.0,6000.0,40.1334735119878,40.1334735119878,40.1334735119878,40.1334735119878,40.1334735119878,84.01510828404592,81.35999999999999,78.70489171595405
2024-06-25,80.4,80.4,80.6,78.6,40.0,15552200.0,25.14,24000.0,0.0,-1000.0,0.0,40.1334735119878,40.1334735119878,40.1334735119878,40.1334735119878,40.1334735119878,83.62899975597878,81.58,79.53100024402121
2024-06-26,80.3,80.4,80.7,79.5,16.0,5765200.0,25.15,2000.0,0.0,0.0,0.0,39.85429656881305,39.85429656881305,39.85429656881305,39.85429656881305,39.85429656881305,83.22533290294868,81.16,79.09466709705131
2024-06-27,82.8,79.5,82.8,78.6,150.0,27212100.0,25.1,-30000.0,0.0,0.0,-3000.0,49.34171350108815,49.34171350108815,49.34171350108815,49.34171350108815,49.34171350108815,83.13839935948698,81.14,79.14160064051302
2024-06-28,83.3,82.6,83.9,82.4,40.0,11451681.0,25.09,-6000.0,0.0,0.0,-3000.0,51.00627007687763,51.00627007687763,51.00627007687763,51.00627007687763,51.00627007687763,84.08907531036829,81.44,78.79092468963171
2024-07-01,81.9,81.5,82.8,81.5,26.0,10677900.0,25.09,0.0,0.0,0.0,0.0,46.40810445981542,46.40810445981542,46.40810445981542,46.40810445981542,46.40810445981542,84.18163879392705,81.73999999999998,79.29836120607291
2024-07-02,82.0,82.8,83.8,81.9,28.0,8123000.0,25.09,-1000.0,0.0,0.0,-3000.0,46.7771802607666,46.7771802607666,46.7771802607666,46.7771802607666,46.7771802607666,84.10195984289629,82.05999999999999,80.01804015710368
2024-07-03,81.6,81.5,82.0,81.0,15.0,4306300.0,25.08,-3000.0,0.0,2000.0,0.0,45.42946318080211,45.42946318080211,45.42946318080211,45.42946318080211,45.42946318080211,83.581110621638,82.31999999999998,81.05888937836195
2024-07-04,83.6,81.6,84.0,80.5,118.0,15984753.0,25.08,1000.0,0.0,0.0,-3000.0,52.75844384849416,52.75844384849416,52.75844384849416,52.75844384849416,52.75844384849416,84.0969106345144,82.47999999999998,80.86308936548555
2024-07-05,82.9,83.3,85.3,81.5,119.0,24199900.0,25.11,14000.0,0.0,1000.0,3000.0,50.216396572075006,50.216396572075006,50.216396572075006,50.216396572075006,50.216396572075006,83.8805404418691,82.39999999999998,80.91945955813085
2024-07-08,81.7,83.7,83.7,81.7,14.0,3154700.0,25.1,-3000.0,0.0,-1000.0,0.0,46.11439302075644,46.11439302075644,46.11439302075644,46.11439302075644,46.11439302075644,83.90194682139281,82.35999999999999,80.81805317860716
2024-07-09,80.9,83.3,83.3,80.5,58.0,10621500.0,25.08,-16000.0,0.0,1000.0,0.0,43.55975517858525,43.55975517858525,43.55975517858525,43.55975517858525,43.55975517858525,84.08566184112225,82.13999999999999,80.19433815887773
2024-07-10,81.7,80.8,81.7,80.6,32.0,7869000.0,25.05,-19000.0,0.0,-1000.0,0.0,46.73736228454104,46.73736228454104,46.73736228454104,46.73736228454104,46.73736228454104,84.08499350648378,82.15999999999998,80.23500649351618
2024-07-11,81.8,82.5,82.8,80.5,38.0,12275600.0,25.05,3000.0,0.0,1000.0,0.0,47.13799795379548,47.13799795379548,47.13799795379548,47.13799795379548,47.13799795379548,83.07749755381568,81.79999999999998,80.52250244618429
2024-07-12,82.0,81.8,83.8,81.8,37.0,11626400.0,25.05,0.0,0.0,-1000.0,-3000.0,47.980761251743594,47.980761251743594,47.980761251743594,47.980761251743594,47.980761251743594,82.37259550889368,81.61999999999998,80.86740449110627
2024-07-15,82.0,82.0,82.4,80.5,26.0,9884400.0,25.05,-1000.0,0.0,1000.0,0.0,47.980761251743594,47.980761251743594,47.980761251743594,47.980761251743594,47.980761251743594,82.49387959797791,81.67999999999998,80.86612040202205
2024-07-16,80.5,81.1,81.8,80.5,26.0,8167600.0,25.04,-6000.0,0.0,-1000.0,0.0,42.13742793999525,42.13742793999525,42.13742793999525,42.13742793999525,42.13742793999525,82.72427754580728,81.59999999999998,80.47572245419268
2024-07-17,81.0,80.2,83.4,80.0,51.0,19082200.0,25.03,-9000.0,0.0,0.0,-3000.0,44.56108771557865,44.56108771557865,44.56108771557865,44.56108771557865,44.56108771557865,82.67061967603652,81.45999999999998,80.24938032396344
2024-07-18,82.6,81.5,82.6,80.0,57.0,17583000.0,25.03,0.0,0.0,1000.0,0.0,51.55411856514356,51.55411856514356,51.55411856514356,51.55411856514356,51.55411856514356,83.14000000000426,81.61999999999998,80.09999999999569
2024-07-19,83.0,80.8,83.0,80.3,115.0,26525000.0,24.96,-46000.0,0.0,-1000.0,3000.0,53.145331515775766,53.145331515775766,53.145331515775766,53.145331515775766,53.145331515775766,83.70637217961061,81.81999999999998,79.93362782038935
2024-07-22,83.7,82.9,83.7,80.8,96.0,21241160.0,24.94,-7000.0,0.0,0.0,0.0,55.876592607297596,55.876592607297596,55.876592607297596,55.876592607297596,55.876592607297596,84.58849747786796,82.15999999999998,79.731502522132
2024-07-23,88.0,81.6,88.0,80.7,121.0,28465300.0,24.96,8000.0,0.0,1000.0,-3000.0,68.15631944544565,68.15631944544565,68.15631944544565,68.15631944544565,68.15631944544565,88.34802730367572,83.65999999999998,78.97197269632424
2024-07-26,88.7,85.0,88.8,82.3,68.0,21716600.0,24.96,3000.0,0.0,-1000.0,-6000.0,69.63770636901823,69.63770636901823,69.63770636901823,69.63770636901823,69.63770636901823,90.4107581022358,85.19999999999997,79.98924189776415
2024-07-29,88.6,85.6,88.8,83.9,43.0,18854200.0,24.96,0.0,0.0,1000.0,-6000.0,69.14284999535448,69.14284999535448,69.14284999535448,69.14284999535448,69.14284999535448,91.42314642430526,86.39999999999998,81.3768535756947
2024-07-30,89.1,84.5,89.1,84.5,58.0,21699000.0,24.98,9000.0,0.0,-1000.0,-4000.0,70.28005156148852,70.28005156148852,70.28005156148852,70.28005156148852,70.28005156148852,91.6027628601277,87.61999999999998,83.63723713987225
2024-07-31,88.6,86.3,89.3,86.3,34.0,14322300.0,25.01,16000.0,0.0,0.0,0.0,67.59720960539381,67.59720960539381,67.59720960539381,67.59720960539381,67.59720960539381,89.30427267447092,88.59999999999998,87.89572732552904
2024-08-01,86.6,86.1,88.0,85.9,32.0,6672251.0,25.04,19000.0,0.0,1000.0,0.0,58.05125611226269,58.05125611226269,58.05125611226269,58.05125611226269,58.05125611226269,90.07909067418623,88.31999999999998,86.56090932581372
2024-08-02,87.5,84.2,87.5,84.2,31.0,12395500.0,25.04,-1000.0,0.0,-1000.0,0.0,60.738196247634235,60.738196247634235,60.738196247634235,60.738196247634235,60.738196247634235,89.89284307098016,88.07999999999998,86.2671569290198
2024-08-05,86.1,85.1,87.6,80.3,35.0,6635300.0,25.02,-13000.0,0.0,-4000.0,0.0,54.85240428547398,54.85240428547398,54.85240428547398,54.85240428547398,54.85240428547398,89.86175371151047,87.58,85.29824628848952
2024-08-06,88.8,83.1,88.8,83.0,53.0,15425500.0,25.02,0.0,0.0,1000.0,-6000.0,62.41655270395595,62.41655270395595,62.41655270395595,62.41655270395595,62.41655270395595,89.64941306467223,87.52,85.39058693532776
2024-08-07,89.4,88.5,89.4,86.2,43.0,13992000.0,25.03,11000.0,0.0,0.0,0.0,63.865394293377435,63.865394293377435,63.865394293377435,63.865394293377435,63.865394293377435,90.19523358756162,87.67999999999999,85.16476641243837
2024-08-08,86.2,88.4,89.3,86.2,32.0,10984300.0,25.04,3000.0,0.0,9000.0,-3000.0,52.28802381706888,52.28802381706888,52.28802381706888,52.28802381706888,52.28802381706888,90.26833281282507,87.6,84.93166718717492
2024-08-09,87.6,86.2,87.7,85.0,38.0,20623500.0,25.06,11000.0,0.0,-2000.0,0.0,56.042425968731045,56.042425968731045,56.042425968731045,56.042425968731045,56.042425968731045,90.2865333300028,87.61999999999998,84.95346666999716
2024-08-12,87.7,87.8,89.2,87.7,60.0,24390100.0,25.1,29000.0,0.0,-9000.0,0.0,56.30689991314403,56.30689991314403,56.30689991314403,56.30689991314403,56.30689991314403,90.14399637023855,87.93999999999997,85.73600362976138
2024-08-13,86.9,87.0,88.8,85.0,90.0,11211900.0,25.13,16000.0,0.0,1000.0,3000.0,53.53206079023498,53.53206079023498,53.53206079023498,53.53206079023498,53.53206079023498,89.69391658694164,87.55999999999997,85.42608341305831
2024-08-14,85.3,86.9,87.5,85.0,35.0,5136000.0,25.13,-1000.0,0.0,0.0,3000.0,48.39524957728968,48.39524957728968,48.39524957728968,48.39524957728968,48.39524957728968,88.54044438959266,86.73999999999998,84.9395556104073
2024-08-15,84.0,85.0,86.0,83.0,52.0,18261400.0,25.13,-4000.0,0.0,3000.0,3000.0,44.64659010784796,44.64659010784796,44.64659010784796,44.64659010784796,44.64659010784796,89.17054001888363,86.29999999999998,83.42945998111634
2024-08-16,84.7,85.4,85.4,83.9,18.0,7035900.0,25.13,2000.0,0.0,0.0,0.0,47.026032153293414,47.026032153293414,47.026032153293414,47.026032153293414,47.026032153293414,88.47506805723971,85.71999999999997,82.96493194276023
2024-08-19,84.5,83.2,84.9,83.2,9.0,10307800.0,25.13,-1000.0,0.0,0.0,0.0,46.41215827227993,46.41215827227993,46.41215827227993,46.41215827227993,46.41215827227993,87.0815993605165,85.07999999999997,83.07840063948343
2024-08-20,84.0,83.5,84.8,83.4,25.0,16297400.0,25.13,1000.0,0.0,0.0,0.0,44.83637668950807,44.83637668950807,44.83637668950807,44.83637668950807,44.83637668950807,85.47159662412837,84.49999999999997,83.52840337587158
2024-08-21,84.9,84.8,85.0,83.0,40.0,12847000.0,25.13,-3000.0,0.0,-4000.0,3000.0,48.24275291340171,48.24275291340171,48.24275291340171,48.24275291340171,48.24275291340171,85.15102667530516,84.41999999999999,83.68897332469481
2024-08-22,85.6,84.9,86.0,84.2,47.0,19462500.0,25.21,50000.0,0.0,0.0,-3000.0,50.788117630482965,50.788117630482965,50.788117630482965,50.788117630482965,50.788117630482965,85.78766406830235,84.73999999999998,83.69233593169761
2024-08-23,85.8,83.5,85.8,83.4,26.0,13993200.0,25.21,5000.0,0.0,0.0,0.0,51.52168999453315,51.52168999453315,51.52168999453315,51.52168999453315,51.52168999453315,86.30223693884594,84.96,83.61776306115405
2024-08-26,85.9,84.2,86.1,84.2,22.0,13808400.0,25.24,14000.0,0.0,1000.0,0.0,51.90770410714237,51.90770410714237,51.90770410714237,51.90770410714237,51.90770410714237,86.66323574997541,85.23999999999998,83.81676425002455
2024-08-27,87.4,84.5,87.7,84.2,67.0,17917673.0,25.25,13000.0,0.0,-2000.0,-18000.0,57.38866601689986,57.38866601689986,57.38866601689986,57.38866601689986,57.38866601689986,87.55658180363962,85.91999999999999,84.28341819636036
2024-08-28,87.8,86.0,87.9,85.7,66.0,19799300.0,25.32,44000.0,0.0,1000.0,-9000.0,58.73910008305477,58.73910008305477,58.73910008305477,58.73910008305477,58.73910008305477,88.32428068015898,86.49999999999999,84.675719319841
2024-08-29,88.0,86.5,88.0,86.2,39.0,18479100.0,25.41,57000.0,0.0,-1000.0,-3000.0,59.43139793661298,59.43139793661298,59.43139793661298,59.43139793661298,59.43139793661298,88.86637217960774,86.97999999999999,85.09362782039224
2024-08-30,88.0,87.8,88.0,87.2,32.0,13429100.0,25.42,11000.0,0.0,0.0,-3000.0,59.43139793661298,59.43139793661298,59.43139793661298,59.43139793661298,59.43139793661298,89.00189759466319,87.41999999999999,85.83810240533678
2024-09-02,89.6,87.8,89.8,87.4,71.0,23208606.0,25.55,80000.0,0.0,1000.0,-25000.0,64.89612746578523,64.89612746578523,64.89612746578523,64.89612746578523,64.89612746578523,89.66519101777533,88.16,86.65480898222467
2024-09-03,96.0,90.7,96.1,89.7,131.0,31159000.0,25.73,115000.0,0.0,0.0,-48000.0,77.78602720760205,77.78602720760205,77.78602720760205,77.78602720760205,77.78602720760205,96.13638873472496,89.88,83.62361126527503
2024-09-04,88.7,92.8,95.9,86.5,136.0,41560035.0,25.72,-8000.0,0.0,-2000.0,9000.0,53.60681738156302,53.60681738156302,53.60681738156302,53.60681738156302,53.60681738156302,96.11521263045292,90.05999999999999,84.00478736954706
2024-09-05,91.8,87.0,91.8,86.5,69.0,22095100.0,25.74,17000.0,0.0,-1000.0,-13000.0,59.38103192119636,59.38103192119636,59.38103192119636,59.38103192119636,59.38103192119636,96.59775042728525,90.82,85.04224957271474
2024-09-06,93.1,91.7,93.1,88.4,63.0,24349000.0,25.78,24000.0,0.0,0.0,-12000.0,61.542675834053476,61.542675834053476,61.542675834053476,61.542675834053476,61.542675834053476,97.0378457075977,91.83999999999999,86.64215429240228
2024-09-09,92.6,93.1,95.6,91.9,46.0,16250100.0,25.82,24000.0,0.0,0.0,-3000.0,60.215361149693095,60.215361149693095,60.215361149693095,60.215361149693095,60.215361149693095,97.13314393557248,92.43999999999998,87.74685606442749
2024-09-10,93.1,90.4,93.1,88.7,38.0,21123500.0,25.82,0.0,0.0,-1000.0,-10000.0,61.118440441419466,61.118440441419466,61.118440441419466,61.118440441419466,61.118440441419466,95.15993939338318,91.85999999999999,88.56006060661679
2024-09-11,91.4,90.0,92.8,90.0,46.0,28972500.0,25.81,-9000.0,0.0,0.0,-5000.0,56.428447731513685,56.428447731513685,56.428447731513685,56.428447731513685,56.428447731513685,93.77985506484838,92.4,91.02014493515163
2024-09-12,91.3,91.4,91.5,89.3,29.0,18280500.0,25.81,7000.0,0.0,1000.0,-11000.0,56.155469679794535,56.155469679794535,56.155469679794535,56.155469679794535,56.155469679794535,93.8949921629884,92.3,90.70500783701159
2024-09-13,90.8,89.4,94.0,89.1,66.0,27209981.0,25.79,-16000.0,0.0,0.0,-46000.0,54.72983435579996,54.72983435579996,54.72983435579996,54.72983435579996,54.72983435579996,93.5678888853143,91.84,90.1121111146857
2024-09-16,92.2,90.8,92.9,89.7,46.0,26745569.0,25.8,7000.0,0.0,-1000.0,-17000.0,57.9489456221387,57.9489456221387,57.9489456221387,57.9489456221387,57.9489456221387,93.37294761229077,91.76,90.14705238770924
2024-09-18,92.3,92.2,92.6,90.0,60.0,26126588.0,25.78,-9000.0,0.0,1000.0,-18000.0,58.177709980214885,58.177709980214885,58.177709980214885,58.177709980214885,58.177709980214885,92.73841995765515,91.60000000000001,90.46158004234486
2024-09-19,92.3,90.6,92.3,90.0,55.0,23828800.0,25.76,-13000.0,0.0,-1000.0,-2000.0,58.177709980214885,58.177709980214885,58.177709980214885,58.177709980214885,58.177709980214885,93.01547561691649,91.78,90.54452438308351
2024-09-20,91.9,91.5,92.0,91.1,16.0,2275834.0,25.79,18000.0,0.0,0.0,-8000.0,56.74561077169892,56.74561077169892,56.74561077169892,56.74561077169892,56.74561077169892,93.03841995765835,91.9,90.76158004234166
2024-09-23,91.2,91.9,93.0,90.0,81.0,29220000.0,25.78,-6000.0,0.0,1000.0,-13000.0,54.229804180094035,54.229804180094035,54.229804180094035,54.229804180094035,54.229804180094035,92.81330666624453,91.97999999999999,91.14669333375545
2024-09-24,90.0,91.4,91.4,89.5,26.0,13084415.0,25.77,-10000.0,0.0,-1000.0,-6000.0,50.12696690722428,50.12696690722428,50.12696690722428,50.12696690722428,50.12696690722428,93.27712406005054,91.53999999999999,89.80287593994944
2024-09-25,88.3,90.0,90.5,88.3,30.0,5028300.0,25.74,-16000.0,0.0,1000.0,-8000.0,44.9398050588425,44.9398050588425,44.9398050588425,44.9398050588425,44.9398050588425,93.63717103395886,90.74,87.84282896604113
2024-09-26,87.6,87.2,91.0,84.4,121.0,32261764.0,25.69,-35000.0,0.0,23000.0,-18000.0,42.968115742792385,42.968115742792385,42.968115742792385,42.968115742792385,42.968115742792385,93.08633534503198,89.8,86.51366465496801
2024-09-27,87.0,88.8,89.8,86.9,41.0,13496167.0,25.67,-9000.0,0.0,-15000.0,0.0,41.295678615920046,41.295678615920046,41.295678615920046,41.295678615920046,41.295678615920046,91.93486757342882,88.82000000000001,85.7051324265712
2024-09-30,85.5,86.5,86.5,85.5,60.0,877020.0,25.67,-4000.0,0.0,0.0,1000.0,37.37869040658467,37.37869040658467,37.37869040658467,37.37869040658467,37.37869040658467,90.64486087363271,87.68,84.7151391263673
2024-10-01,78.1,85.0,85.0,77.0,132.0,16575900.0,25.45,-140000.0,0.0,1000.0,27000.0,24.853959816934932,24.853959816934932,24.853959816934932,24.853959816934932,24.853959816934932,92.73289983788314,85.3,77.86710016211686
2024-10-04,76.0,78.9,78.9,76.0,15.0,1473860.0,25.44,-13000.0,0.0,-2000.0,0.0,22.545239026430995,22.545239026430995,22.545239026430995,22.545239026430995,22.545239026430995,92.4853926825194,82.84,73.1946073174806
2024-10-07,75.0,75.0,75.0,75.0,1.0,75000.0,25.44,-1000.0,0.0,0.0,0.0,21.520093852105664,21.520093852105664,21.520093852105664,21.520093852105664,21.520093852105664,90.25370021693816,80.32000000000001,70.38629978306186
2024-10-08,70.1,75.0,75.0,70.0,30.0,2439780.0,25.47,-14000.0,0.0,-5000.0,0.0,17.355687403169423,17.355687403169423,17.355687403169423,17.355687403169423,17.355687403169423,86.98199183429227,76.94000000000001,66.89800816570775
2024-10-09,76.9,70.1,76.9,69.7,56.0,16248300.0,25.44,-4000.0,0.0,-1000.0,0.0,35.89515703931121,35.89515703931121,35.89515703931121,35.89515703931121,35.89515703931121,80.73274886059612,75.22,69.70725113940388
2024-10-11,79.0,78.9,80.2,74.4,36.0,13100700.0,25.44,-5000.0,0.0,0.0,0.0,40.34577777878133,40.34577777878133,40.34577777878133,40.34577777878133,40.34577777878133,81.32081075529362,75.4,69.47918924470639
2024-10-14,79.1,79.9,79.9,76.3,37.0,10334700.0,25.4,-21000.0,0.0,0.0,0.0,40.557415374977126,40.557415374977126,40.557415374977126,40.557415374977126,40.557415374977126,82.66698427860292,76.02000000000001,69.3730157213971
2024-10-15,79.4,79.0,79.6,76.5,44.0,14334100.0,25.36,-28000.0,0.0,-1000.0,0.0,41.23102101704636,41.23102101704636,41.23102101704636,41.23102101704636,41.23102101704636,83.92794422288623,76.9,69.87205577711379
2024-10-16,80.0,77.3,80.0,77.2,53.0,13835200.0,25.3,-37000.0,0.0,1000.0,-8000.0,42.63124696243534,42.63124696243534,42.63124696243534,42.63124696243534,42.63124696243534,80.979142682146,78.88,76.78085731785399
2024-10-17,76.1,79.9,80.6,76.0,82.0,30586300.0,25.24,-38000.0,0.0,3000.0,-7000.0,36.5374708155404,36.5374708155404,36.5374708155404,36.5374708155404,36.5374708155404,81.43116211245344,78.72,76.00883788754656
2024-10-18,79.0,77.8,79.0,77.4,28.0,11255800.0,25.22,-13000.0,0.0,-2000.0,0.0,43.055661848066805,43.055661848066805,43.055661848066805,43.055661848066805,43.055661848066805,81.43116211245344,78.72,76.00883788754656
2024-10-21,77.8,79.8,79.8,77.7,22.0,16468300.0,25.22,-1000.0,0.0,1000.0,0.0,41.171267150367584,41.171267150367584,41.171267150367584,41.171267150367584,41.171267150367584,81.22434440690587,78.46000000000001,75.69565559309414
2024-10-22,79.0,77.5,79.0,77.5,22.0,17108692.0,25.22,-3000.0,0.0,1000.0,0.0,43.81924215121427,43.81924215121427,43.81924215121427,43.81924215121427,43.81924215121427,81.0525268941592,78.38,75.70747310584079
2024-10-23,79.0,77.8,79.4,77.2,68.0,11560573.0,25.2,-8000.0,0.0,0.0,0.0,43.81924215121427,43.81924215121427,43.81924215121427,43.81924215121427,43.81924215121427,80.45824493854438,78.17999999999999,75.9017550614556
2024-10-24,79.0,77.5,79.0,73.6,77.0,24672200.0,25.2,-4000.0,0.0,1000.0,0.0,43.81924215121427,43.81924215121427,43.81924215121427,43.81924215121427,43.81924215121427,79.72000000000456,78.75999999999999,77.79999999999542
2024-10-25,78.6,76.3,78.6,76.3,26.0,18936383.0,25.16,-24000.0,0.0,-1000.0,0.0,43.01319784632589,43.01319784632589,43.01319784632589,43.01319784632589,43.01319784632589,79.61295230317903,78.67999999999999,77.74704769682096
2024-10-28,78.6,78.8,78.9,76.0,37.0,16856400.0,25.16,3000.0,0.0,1000.0,0.0,43.01319784632589,43.01319784632589,43.01319784632589,43.01319784632589,43.01319784632589,79.2319183588518,78.83999999999999,78.44808164114818
2024-10-29,78.4,78.4,78.4,78.4,2.0,156800.0,25.16,0.0,0.0,0.0,0.0,42.55922783745293,42.55922783745293,42.55922783745293,42.55922783745293,42.55922783745293,79.20000000000795,78.71999999999998,78.23999999999202
2024-10-30,78.2,78.3,78.3,76.0,54.0,22017600.0,25.16,-4000.0,0.0,0.0,0.0,42.08093323828315,42.08093323828315,42.08093323828315,42.08093323828315,42.08093323828315,79.09065996647593,78.55999999999997,78.02934003352402
2024-11-01,75.8,78.0,78.0,75.5,7.0,537800.0,25.16,0.0,0.0,-1000.0,0.0,36.744404206974565,36.744404206974565,36.744404206974565,36.744404206974565,36.744404206974565,80.06065410564392,77.91999999999999,75.77934589435606
2024-11-04,75.4,77.2,77.2,75.4,6.0,9297000.0,25.15,-4000.0,0.0,0.0,0.0,35.92664837493769,35.92664837493769,35.92664837493769,35.92664837493769,35.92664837493769,80.04665863452965,77.27999999999997,74.5133413654703
2024-11-05,75.1,75.3,76.0,74.0,45.0,21718300.0,25.13,-17000.0,0.0,-1000.0,-3000.0,35.29225621032757,35.29225621032757,35.29225621032757,35.29225621032757,35.29225621032757,79.42647149994828,76.57999999999997,73.73352850005166
2024-11-06,76.9,74.2,76.9,72.5,28.0,19002599.0,25.13,3000.0,0.0,-1000.0,-3000.0,41.91914991915235,41.91914991915235,41.91914991915235,41.91914991915235,41.91914991915235,78.55473075330121,76.27999999999997,74.00526924669873
2024-11-07,77.9,75.2,77.9,74.4,27.0,17626900.0,25.13,-1000.0,0.0,1000.0,0.0,45.27244645602771,45.27244645602771,45.27244645602771,45.27244645602771,45.27244645602771,78.29615028358,76.21999999999998,74.14384971641996
2024-11-08,81.0,75.6,81.2,75.6,82.0,22536200.0,25.23,62000.0,0.0,0.0,-11000.0,54.1163386376946,54.1163386376946,54.1163386376946,54.1163386376946,54.1163386376946,81.51694726300585,77.25999999999998,73.0030527369941
2024-11-11,79.3,79.0,82.6,79.0,41.0,11984300.0,25.22,-4000.0,0.0,2000.0,-12000.0,49.401672264641824,49.401672264641824,49.401672264641824,49.401672264641824,49.401672264641824,82.07107925995135,78.03999999999998,74.00892074004861
2024-11-12,80.0,76.8,80.0,76.0,55.0,16842516.0,25.22,0.0,0.0,-3000.0,-2000.0,51.28371935592014,51.28371935592014,51.28371935592014,51.28371935592014,51.28371935592014,81.94684130079007,79.01999999999998,76.0931586992099
2024-11-13,81.7,78.2,81.7,78.2,44.0,15682000.0,25.2,-13000.0,0.0,1000.0,-6000.0,55.60274702566972,55.60274702566972,55.60274702566972,55.60274702566972,55.60274702566972,82.63149014706886,79.97999999999999,77.32850985293112
2024-11-14,85.2,80.1,85.2,78.3,116.0,29197500.0,25.15,-36000.0,0.0,-1000.0,-33000.0,62.89621224163293,62.89621224163293,62.89621224163293,62.89621224163293,62.89621224163293,85.54385184917994,81.43999999999997,77.33614815082
2024-11-15,84.0,82.0,86.0,80.4,46.0,8031000.0,25.11,-20000.0,0.0,-1000.0,-11000.0,59.29933571263566,59.29933571263566,59.29933571263566,59.29933571263566,59.29933571263566,86.56654393549996,82.03999999999998,77.51345606449999
2024-11-18,84.9,83.0,85.9,80.8,70.0,26858700.0,25.1,-9000.0,0.0,1000.0,-10000.0,61.09629385471048,61.09629385471048,61.09629385471048,61.09629385471048,61.09629385471048,87.16119982005682,83.15999999999997,79.15880017994311
2024-11-19,85.8,82.3,86.0,82.2,65.0,21503600.0,25.1,-1000.0,0.0,-1000.0,-9000.0,62.86208239920327,62.86208239920327,62.86208239920327,62.86208239920327,62.86208239920327,87.1860774588322,84.31999999999996,81.45392254116773
2024-11-20,85.9,85.9,85.9,85.9,7.0,10651600.0,25.1,-1000.0,0.0,0.0,0.0,63.062693571170556,63.062693571170556,63.062693571170556,63.062693571170556,63.062693571170556,86.53753402862579,85.15999999999997,83.78246597137415
2024-11-21,86.2,83.2,86.2,82.9,50.0,20898800.0,25.09,-6000.0,0.0,1000.0,0.0,63.696263894424476,63.696263894424476,63.696263894424476,63.696263894424476,63.696263894424476,86.97294761229864,85.35999999999997,83.7470523877013
2024-11-22,86.0,86.1,86.1,83.8,16.0,8668300.0,25.09,3000.0,0.0,-1000.0,0.0,62.92140708402537,62.92140708402537,62.92140708402537,62.92140708402537,62.92140708402537,86.65977775035056,85.75999999999996,84.86022224964937
2024-11-25,83.7,86.0,86.0,83.2,24.0,2511500.0,25.09,1000.0,0.0,3000.0,0.0,54.68301478056,54.68301478056,54.68301478056,54.68301478056,54.68301478056,87.35913022921814,85.51999999999997,83.6808697707818
2024-11-26,84.0,85.0,85.8,81.5,57.0,22963000.0,25.09,-1000.0,0.0,-2000.0,0.0,55.50141982743867,55.50141982743867,55.50141982743867,55.50141982743867,55.50141982743867,87.316293115517,85.15999999999997,83.00370688448294
2024-11-27,84.4,84.0,84.8,82.6,30.0,16598100.0,25.1,6000.0,0.0,1000.0,0.0,56.626176092067205,56.626176092067205,56.626176092067205,56.626176092067205,56.626176092067205,86.9369207977251,84.85999999999997,82.78307920227485
2024-11-28,85.2,84.3,85.2,82.5,38.0,19716600.0,25.11,6000.0,0.0,0.0,-3000.0,58.86557947221658,58.86557947221658,58.86557947221658,58.86557947221658,58.86557947221658,86.33618614718827,84.65999999999997,82.98381385281166
2024-11-29,85.1,85.1,85.2,83.7,9.0,3125512.0,25.11,0.0,0.0,-1000.0,-3000.0,58.45927394437543,58.45927394437543,58.45927394437543,58.45927394437543,58.45927394437543,85.66253963993601,84.47999999999998,83.29746036006394
2024-12-02,84.4,85.7,85.7,82.5,63.0,21216800.0,25.13,9000.0,0.0,1000.0,0.0,55.567939538170585,55.567939538170585,55.567939538170585,55.567939538170585,55.567939538170585,85.53564185139098,84.61999999999998,83.70435814860897
2024-12-03,84.4,84.3,84.4,82.9,14.0,2765600.0,25.11,-8000.0,0.0,-1000.0,0.0,55.567939538170585,55.567939538170585,55.567939538170585,55.567939538170585,55.567939538170585,85.43756355659688,84.69999999999997,83.96243644340306
2024-12-04,83.1,83.1,83.1,83.1,1.0,83100.0,25.11,0.0,0.0,0.0,0.0,50.21833258464885,50.21833258464885,50.21833258464885,50.21833258464885,50.21833258464885,85.93986666074599,84.43999999999998,82.94013333925398
2024-12-05,83.2,84.4,84.9,81.0,74.0,25549200.0,25.12,2000.0,0.0,0.0,0.0,50.6122076838234,50.6122076838234,50.6122076838234,50.6122076838234,50.6122076838234,85.581946821394,84.03999999999999,82.49805317860599
2024-12-06,84.8,83.8,85.0,81.4,50.0,24073172.0,25.15,20000.0,0.0,1000.0,-3000.0,56.5374840996263,56.5374840996263,56.5374840996263,56.5374840996263,56.5374840996263,85.36794812583452,83.97999999999999,82.59205187416546
2024-12-09,83.0,84.9,84.9,81.5,46.0,20973800.0,25.14,-4000.0,0.0,0.0,0.0,49.362465215425864,49.362465215425864,49.362465215425864,49.362465215425864,49.362465215425864,85.19666295471495,83.69999999999997,82.203337045285
2024-12-10,81.7,81.2,82.8,81.1,16.0,7781000.0,25.14,-1000.0,0.0,0.0,0.0,44.92783332893917,44.92783332893917,44.92783332893917,44.92783332893917,44.92783332893917,85.13017765696686,83.15999999999998,81.1898223430331
2024-12-11,81.9,81.2,82.3,80.2,37.0,10871300.0,25.11,-20000.0,0.0,0.0,0.0,45.735528779742886,45.735528779742886,45.735528779742886,45.735528779742886,45.735528779742886,85.1377466041028,82.91999999999999,80.70225339589717
2024-12-12,82.1,83.3,84.6,81.8,23.0,5733800.0,25.11,-3000.0,0.0,0.0,0.0,46.57927135576475,46.57927135576475,46.57927135576475,46.57927135576475,46.57927135576475,84.9803508502016,82.69999999999997,80.41964914979835
2024-12-13,83.6,83.0,83.8,78.6,86.0,27011100.0,25.12,7000.0,0.0,-1000.0,0.0,52.53961857352866,52.53961857352866,52.53961857352866,52.53961857352866,52.53961857352866,83.90554487997343,82.45999999999997,81.0144551200265
2024-12-16,81.4,81.4,81.4,81.4,3.0,244200.0,25.12,0.0,0.0,3000.0,0.0,44.66784091750071,44.66784091750071,44.66784091750071,44.66784091750071,44.66784091750071,83.6715351775334,82.13999999999996,80.60846482246652
2024-12-17,81.9,82.8,83.0,80.3,48.0,25517200.0,25.1,-10000.0,0.0,-2000.0,3000.0,46.62512898506658,46.62512898506658,46.62512898506658,46.62512898506658,46.62512898506658,83.6734523762101,82.17999999999998,80.68654762378986
2024-12-18,81.1,82.3,82.9,81.1,34.0,17587400.0,25.11,8000.0,0.0,0.0,-3000.0,43.946537634570184,43.946537634570184,43.946537634570184,43.946537634570184,43.946537634570184,83.75158886575527,82.01999999999998,80.2884111342447
2024-12-19,81.7,80.1,82.6,78.1,71.0,22883300.0,25.12,6000.0,0.0,0.0,3000.0,46.4321673806321,46.4321673806321,46.4321673806321,46.4321673806321,46.4321673806321,83.68631039624019,81.93999999999997,80.19368960375975
2024-12-20,81.0,80.1,81.3,79.1,13.0,2403200.0,25.11,-6000.0,0.0,-1000.0,0.0,43.98176117928594,43.98176117928594,43.98176117928594,43.98176117928594,43.98176117928594,82.10585712798601,81.41999999999999,80.73414287201396
2024-12-23,81.6,79.7,81.6,79.2,31.0,10081700.0,25.1,-10000.0,0.0,0.0,0.0,46.583892770843384,46.583892770843384,46.583892770843384,46.583892770843384,46.583892770843384,82.159714227382,81.46,80.76028577261799
2024-12-24,81.4,80.0,81.4,80.0,8.0,4028800.0,25.11,7000.0,0.0,0.0,0.0,45.81985134028925,45.81985134028925,45.81985134028925,45.81985134028925,45.81985134028925,81.90552726788763,81.35999999999999,80.81447273211234
2024-12-25,81.3,81.6,81.6,80.4,14.0,5260800.0,25.11,1000.0,0.0,0.0,0.0,45.418734542928306,45.418734542928306,45.418734542928306,45.418734542928306,45.418734542928306,81.88989794856198,81.39999999999999,80.910102051438
2024-12-26,82.0,81.0,82.0,80.2,66.0,23970800.0,25.1,-6000.0,0.0,0.0,-3000.0,48.79774097865274,48.79774097865274,48.79774097865274,48.79774097865274,48.79774097865274,82.12452990903489,81.46,80.7954700909651
2024-12-27,81.7,81.9,82.0,80.0,82.0,28591900.0,25.16,41000.0,0.0,1000.0,1000.0,47.44218335390132,47.44218335390132,47.44218335390132,47.44218335390132,47.44218335390132,82.08989794855826,81.6,81.11010205144173
2024-12-30,80.4,81.6,81.6,80.4,5.0,3418000.0,25.17,1000.0,0.0,-1000.0,0.0,41.99776791395378,41.99776791395378,41.99776791395378,41.99776791395378,41.99776791395378,82.43777548683109,81.35999999999999,80.28222451316888
2024-12-31,80.1,81.3,81.3,78.9,59.0,18625200.0,25.17,1000.0,0.0,1000.0,0.0,40.833205812240934,40.833205812240934,40.833205812240934,40.833205812240934,40.833205812240934,82.56969384567357,81.1,79.63030615432642
2025-01-02,79.8,80.4,80.4,77.1,83.0,26815000.0,25.12,-28000.0,0.0,0.0,0.0,39.64919544258694,39.64919544258694,39.64919544258694,39.64919544258694,39.64919544258694,82.56635217326837,80.8,79.03364782673162
2025-01-03,79.8,79.8,80.0,78.3,45.0,12443100.0,25.11,-6000.0,0.0,-1000.0,0.0,39.64919544258693,39.64919544258693,39.64919544258693,39.64919544258693,39.64919544258693,81.77194900758097,80.36,78.94805099241903
2025-01-06,79.8,79.1,79.8,78.1,33.0,17680300.0,25.11,-2000.0,0.0,1000.0,0.0,39.64919544258694,39.64919544258694,39.64919544258694,39.64919544258694,39.64919544258694,80.46000000000419,79.98,79.49999999999582
2025-01-07,79.7,78.4,80.0,77.0,49.0,19632700.0,25.12,5000.0,0.0,-1000.0,-3000.0,39.17626437388222,39.17626437388222,39.17626437388222,39.17626437388222,39.17626437388222,80.1112931993379,79.84,79.56870680066211
2025-01-08,79.0,79.6,79.6,78.0,40.0,15860000.0,25.08,-23000.0,0.0,1000.0,2000.0,35.944234074183086,35.944234074183086,35.944234074183086,35.944234074183086,35.944234074183086,80.24481997407854,79.62,78.99518002592147
2025-01-09,79.1,79.6,80.1,78.0,70.0,17805100.0,25.12,21000.0,0.0,-1000.0,0.0,36.74705702948769,36.74705702948769,36.74705702948769,36.74705702948769,36.74705702948769,80.18880180587531,79.47999999999999,78.77119819412466
2025-01-10,80.0,77.8,80.1,77.1,64.0,19593088.0,25.12,0.0,0.0,1000.0,-1000.0,43.59846276811566,43.59846276811566,43.59846276811566,43.59846276811566,43.59846276811566,80.3139773296569,79.52,78.7260226703431
2025-01-13,80.0,78.2,80.1,77.5,85.0,31208390.0,25.12,1000.0,0.0,-2000.0,0.0,43.59846276811567,43.59846276811567,43.59846276811567,43.59846276811567,43.59846276811567,80.42348132580439,79.55999999999999,78.69651867419559
2025-01-14,80.8,78.4,81.0,78.0,105.0,35241458.0,25.12,-1000.0,0.0,1000.0,998.0,49.26389346391416,49.26389346391416,49.26389346391416,49.26389346391416,49.26389346391416,81.1090598180698,79.78,78.4509401819302
2025-01-15,81.1,79.1,81.4,79.1,77.0,33422306.0,25.19,50000.0,0.0,0.0,-9000.0,51.241799301049575,51.241799301049575,51.241799301049575,51.241799301049575,51.241799301049575,81.60285423334028,80.2,78.79714576665972
2025-01-16,81.7,81.1,82.2,80.0,86.0,31069269.0,25.28,52000.0,0.0,0.0,-4000.0,55.018696716134926,55.018696716134926,55.018696716134926,55.018696716134926,55.018696716134926,82.0308775686559,80.72,79.4091224313441
2025-01-17,81.0,81.6,82.1,80.0,116.0,33706522.0,25.36,53000.0,0.0,0.0,-6000.0,50.138981274337205,50.138981274337205,50.138981274337205,50.138981274337205,50.138981274337205,82.01836241742423,80.91999999999999,79.82163758257575
2025-01-20,82.3,81.5,83.0,79.5,141.0,42042170.0,25.47,71000.0,0.0,-1000.0,-6000.0,57.6510101654098,57.6510101654098,57.6510101654098,57.6510101654098,57.6510101654098,82.47836241742259,81.38,80.2816375825774
2025-01-21,80.6,82.1,83.0,79.9,210.0,52021741.0,25.54,43000.0,0.0,1000.0,1967.0,47.560123504977625,47.560123504977625,47.560123504977625,47.560123504977625,47.560123504977625,82.53063008529584,81.33999999999999,80.14936991470414
2025-01-22,80.3,79.1,81.0,78.0,125.0,36968000.0,25.41,-85000.0,0.0,0.0,-2000.0,46.02899747611497,46.02899747611497,46.02899747611497,46.02899747611497,46.02899747611497,82.64095858942584,81.17999999999998,79.71904141057412
2025-02-03,78.9,78.9,79.5,75.2,89.0,37276637.0,25.37,-22000.0,0.0,0.0,3000.0,39.61893544831806,39.61893544831806,39.61893544831806,39.61893544831806,39.61893544831806,82.81599635701406,80.61999999999998,78.4240036429859
2025-02-04,76.0,76.9,78.3,76.0,83.0,27017625.0,25.36,-9000.0,0.0,8000.0,1000.0,30.228232290681,30.228232290681,30.228232290681,30.228232290681,30.228232290681,83.83691830606405,79.61999999999998,75.4030816939359
2025-02-05,76.7,77.7,77.7,75.3,60.0,23270069.0,25.33,-17000.0,0.0,9000.0,2000.0,34.27765476201108,34.27765476201108,34.27765476201108,34.27765476201108,34.27765476201108,82.22021504755058,78.49999999999997,74.77978495244936
2025-02-06,74.4,77.4,77.6,74.4,114.0,29006297.0,25.32,-7000.0,0.0,11000.0,3000.0,28.437556899356125,28.437556899356125,28.437556899356125,28.437556899356125,28.437556899356125,81.45637939181205,77.25999999999996,73.06362060818788
2025-02-07,74.5,74.4,74.9,69.6,126.0,33366858.0,25.21,-72000.0,0.0,-2000.0,-608.0,29.003926845523477,29.003926845523477,29.003926845523477,29.003926845523477,29.003926845523477,79.4057525618269,76.09999999999997,72.79424743817303
2025-02-10,69.7,72.8,72.8,68.8,147.0,39946074.0,25.18,-24000.0,0.0,2000.0,3000.0,20.5831411601361,20.5831411601361,20.5831411601361,20.5831411601361,20.5831411601361,79.14688039551021,74.25999999999996,69.37311960448972
2025-02-11,70.6,68.9,70.6,68.9,43.0,17673340.0,25.18,0.0,0.0,-2000.0,0.0,24.98111243637026,24.98111243637026,24.98111243637026,24.98111243637026,24.98111243637026,78.42503574821257,73.17999999999995,67.93496425178733
2025-02-12,70.0,68.8,70.9,68.0,85.0,25812730.0,25.17,-8000.0,0.0,1000.0,3501.0,24.025872913691,24.025872913691,24.025872913691,24.025872913691,24.025872913691,76.14181357104482,71.83999999999995,67.53818642895507
2025-02-13,70.0,70.3,70.9,67.9,71.0,27307564.0,25.16,-1000.0,0.0,0.0,-3041.0,24.025872913691,24.025872913691,24.025872913691,24.025872913691,24.025872913691,74.5479799330576,70.95999999999995,67.3720200669423
2025-02-14,71.1,70.0,71.1,68.0,177.0,50078059.0,25.33,102000.0,0.0,0.0,-1000.0,29.738413057331424,29.738413057331424,29.738413057331424,29.738413057331424,29.738413057331424,71.28717426497553,70.27999999999994,69.27282573502436
2025-02-17,68.9,69.3,71.0,67.6,169.0,36155590.0,25.34,11000.0,0.0,0.0,6000.0,25.59356175876989,25.59356175876989,25.59356175876989,25.59356175876989,25.59356175876989,71.5918695594447,70.11999999999996,68.64813044055522
2025-02-18,69.2,68.3,69.3,68.1,30.0,2132006.0,25.34,-4000.0,0.0,-1000.0,0.0,27.08596288198676,27.08596288198676,27.08596288198676,27.08596288198676,27.08596288198676,71.37153517753576,69.83999999999995,68.30846482246413
2025-02-19,69.9,69.2,70.0,68.5,23.0,2088169.0,25.33,-5000.0,0.0,0.0,0.0,30.584549775916862,30.584549775916862,30.584549775916862,30.584549775916862,30.584549775916862,71.3452540772015,69.81999999999996,68.29474592279843
2025-02-20,71.4,70.2,71.5,70.2,31.0,1870510.0,25.34,5000.0,0.0,0.0,-3000.0,37.50457457872493,37.50457457872493,37.50457457872493,37.50457457872493,37.50457457872493,72.09599599198637,70.09999999999995,68.10400400801353
2025-02-21,72.4,71.9,72.5,71.4,49.0,3274668.0,25.36,14000.0,0.0,0.0,-3000.0,41.678759487110604,41.678759487110604,41.678759487110604,41.678759487110604,41.678759487110604,73.0331255114633,70.35999999999994,67.68687448853659
2025-02-24,71.1,72.0,72.4,71.1,5.0,358600.0,25.36,-2000.0,0.0,0.0,0.0,38.11470711355123,38.11470711355123,38.11470711355123,38.11470711355123,38.11470711355123,73.05920339943631,70.79999999999995,68.5407966005636
2025-02-25,71.2,70.2,71.2,70.0,9.0,563540.0,25.36,0.0,0.0,1000.0,0.0,38.55001088951869,38.55001088951869,38.55001088951869,38.55001088951869,38.55001088951869,72.79499216299862,71.19999999999996,69.6050078370013
2025-02-26,71.1,70.0,71.1,69.5,19.0,2387800.0,25.35,-7000.0,0.0,-1000.0,-5000.0,38.26018529455876,38.26018529455876,38.26018529455876,38.26018529455876,38.26018529455876,72.42468269001668,71.43999999999997,70.45531730998326
2025-02-27,71.0,71.8,71.9,70.1,333.0,737647.0,25.29,1001.0,0.0,1000.0,5809.0,37.95289992745011,37.95289992745011,37.95289992745011,37.95289992745011,37.95289992745011,72.40766406830582,71.35999999999997,70.31233593169412
2025-03-03,70.0,69.4,70.6,68.9,250.0,2032830.0,25.3,6000.0,0.0,0.0,-216.0,34.93157354111066,34.93157354111066,34.93157354111066,34.93157354111066,34.93157354111066,71.76904443084686,70.87999999999997,69.99095556915307
2025-03-04,70.5,69.8,70.5,69.8,198.0,1344878.0,25.31,3000.0,0.0,-1000.0,2893.0,37.60611535224589,37.60611535224589,37.60611535224589,37.60611535224589,37.60611535224589,71.65977775034852,70.75999999999996,69.8602222496514
2025-03-05,71.2,71.2,71.2,71.2,140.0,153376.0,25.31,-1000.0,0.0,0.0,1912.0,41.247117892703365,41.247117892703365,41.247117892703365,41.247117892703365,41.247117892703365,71.65977775034852,70.75999999999996,69.8602222496514
2025-03-06,70.8,72.5,72.5,69.9,130.0,1006524.0,25.31,2000.0,0.0,0.0,4955.0,39.81724701687418,39.81724701687418,39.81724701687418,39.81724701687418,39.81724701687418,71.53904707855001,70.69999999999996,69.86095292144991
2025-03-07,70.8,71.3,71.3,69.7,169.0,786200.0,25.31,0.0,0.0,0.0,-1086.0,39.817247016874184,39.817247016874184,39.817247016874184,39.817247016874184,39.817247016874184,71.45598994969734,70.65999999999997,69.8640100503026
2025-03-10,69.5,71.1,71.1,69.2,274.0,1206901.0,25.31,-2000.0,0.0,1000.0,-33.0,35.21580868565222,35.21580868565222,35.21580868565222,35.21580868565222,35.21580868565222,71.70960862906199,70.55999999999997,69.41039137093796
2025-03-11,69.6,68.2,69.8,68.1,235.0,1603451.0,25.3,-1000.0,0.0,-1000.0,-1015.0,35.83012899585656,35.83012899585656,35.83012899585656,35.83012899585656,35.83012899585656,71.76794812583842,70.37999999999997,68.99205187416152
2025-03-12,70.3,70.8,70.9,69.3,728.0,1102232.0,25.3,0.0,0.0,-1000.0,936.0,40.11121596687455,40.11121596687455,40.11121596687455,40.11121596687455,40.11121596687455,71.32427754581214,70.19999999999997,69.07572245418781
2025-03-13,69.7,70.0,70.3,69.0,129.0,1263007.0,25.3,0.0,0.0,0.0,-966.0,37.784343105407046,37.784343105407046,37.784343105407046,37.784343105407046,37.784343105407046,70.97116093547682,69.97999999999998,68.98883906452313
2025-03-14,71.5,69.2,71.5,68.8,123.0,2723824.0,25.31,1000.0,0.0,0.0,-2969.0,47.60427772369632,47.60427772369632,47.60427772369632,47.60427772369632,47.60427772369632,71.60808601902419,70.11999999999998,68.63191398097577
2025-03-17,69.5,70.0,71.8,66.2,325.0,15267973.0,25.14,-105000.0,0.0,1000.0,1004.0,40.041791754338874,40.041791754338874,40.041791754338874,40.041791754338874,40.041791754338874,71.60808601902419,70.11999999999998,68.63191398097577
2025-03-18,69.3,70.3,70.5,67.3,116.0,7141183.0,25.14,-1000.0,0.0,0.0,3183.0,39.36827306792859,39.36827306792859,39.36827306792859,39.36827306792859,39.36827306792859,71.64795465930919,70.05999999999997,68.47204534069076
2025-03-19,69.5,70.0,70.2,67.5,208.0,8802618.0,25.14,4000.0,0.0,0.0,2.0,40.44703160047731,40.44703160047731,40.44703160047731,40.44703160047731,40.44703160047731,71.51987653851086,69.89999999999998,68.2801234614891
2025-03-20,69.4,69.5,69.6,68.1,292.0,2014890.0,25.15,1000.0,0.0,0.0,16.0,40.06321409256952,40.06321409256952,40.06321409256952,40.06321409256952,40.06321409256952,71.50661333248361,69.83999999999999,68.17338666751637
2025-03-21,69.1,69.6,70.2,68.6,66.0,5999021.0,25.14,-3000.0,0.0,0.0,0.0,38.87149124138553,38.87149124138553,38.87149124138553,38.87149124138553,38.87149124138553,69.65933259095902,69.35999999999999,69.06066740904095
2025-03-24,69.8,70.2,70.5,68.9,62.0,2114364.0,25.14,-1000.0,0.0,0.0,1190.0,43.12285928310578,43.12285928310578,43.12285928310578,43.12285928310578,43.12285928310578,69.88303347612026,69.41999999999999,68.95696652387971
2025-03-25,69.5,68.9,69.5,67.2,56.0,5339516.0,25.15,3000.0,0.0,1000.0,-998.0,41.78170434800295,41.78170434800295,41.78170434800295,41.78170434800295,41.78170434800295,69.90899888642133,69.46,69.01100111357866
2025-03-26,69.5,69.9,70.0,62.6,252.0,26913802.0,25.1,-28000.0,0.0,0.0,-7859.0,41.78170434800295,41.78170434800295,41.78170434800295,41.78170434800295,41.78170434800295,69.90899888642133,69.46,69.01100111357866
2025-03-27,69.7,67.6,69.7,67.5,61.0,4842223.0,25.11,3000.0,0.0,-1000.0,17.0,43.148770012591314,43.148770012591314,43.148770012591314,43.148770012591314,43.148770012591314,70.00000000000796,69.52,69.03999999999203
2025-03-28,69.2,70.7,70.7,67.4,53.0,7548172.0,23.91,-11000.0,0.0,1000.0,3002.0,40.583105554173784,40.583105554173784,40.583105554173784,40.583105554173784,40.583105554173784,69.95182520564963,69.53999999999999,69.12817479435036
2025-03-31,69.0,67.4,69.4,67.3,23.0,2183789.0,23.89,-14000.0,0.0,-1000.0,0.0,39.56957351519284,39.56957351519284,39.56957351519284,39.56957351519284,39.56957351519284,69.8763869458433,69.38,68.8836130541567
2025-04-01,69.5,69.4,69.5,68.1,31.0,2022464.0,23.89,-1000.0,0.0,0.0,3004.0,43.376821296920966,43.376821296920966,43.376821296920966,43.376821296920966,43.376821296920966,69.8763869458433,69.38,68.8836130541567
2025-04-02,69.1,68.5,69.1,68.0,29.0,2746073.0,23.89,-5000.0,0.0,0.0,5004.0,41.143596675081795,41.143596675081795,41.143596675081795,41.143596675081795,41.143596675081795,69.82153619241701,69.3,68.77846380758298
2025-04-07,68.8,62.6,68.8,62.2,76.0,6266721.0,23.89,-1000.0,0.0,0.0,0.0,39.50100805473188,39.50100805473188,39.50100805473188,39.50100805473188,39.50100805473188,69.5830334761085,69.12,68.65696652389151
2025-04-08,68.8,69.8,69.8,64.1,88.0,7698944.0,23.88,-6000.0,0.0,0.0,13450.0,39.50100805473187,39.50100805473187,39.50100805473187,39.50100805473187,39.50100805473187,69.55536394906433,69.04,68.52463605093568
2025-04-09,68.7,68.8,68.8,63.3,69.0,7201875.0,23.87,-4000.0,0.0,0.0,-13787.0,38.90062115994448,38.90062115994448,38.90062115994448,38.90062115994448,38.90062115994448,69.56514955352806,68.98,68.39485044647195
2025-04-10,69.0,69.8,70.0,68.0,44.0,3534124.0,23.87,-2000.0,0.0,0.0,2014.0,41.76049351292291,41.76049351292291,41.76049351292291,41.76049351292291,41.76049351292291,69.17393876912185,68.88000000000001,68.58606123087817
2025-04-11,69.3,68.8,69.3,68.1,26.0,1866742.0,23.87,1000.0,0.0,-1000.0,-3000.0,44.5553173560639,44.5553173560639,44.5553173560639,44.5553173560639,44.5553173560639,69.34708313007026,68.92000000000002,68.49291686992977
2025-04-14,69.0,69.7,70.0,67.8,52.0,4119937.0,23.85,-15000.0,0.0,-1000.0,-1000.0,42.36585533722546,42.36585533722546,42.36585533722546,42.36585533722546,42.36585533722546,69.37182520563196,68.96000000000001,68.54817479436805
2025-04-15,69.9,68.3,70.3,67.0,131.0,9884099.0,23.85,2000.0,0.0,0.0,-13181.0,50.262267280046814,50.262267280046814,50.262267280046814,50.262267280046814,50.262267280046814,69.99387959796901,69.18000000000002,68.36612040203103
2025-04-16,68.5,68.2,69.9,66.3,238.0,24681432.0,23.74,-71000.0,0.0,0.0,0.0,40.8795916421492,40.8795916421492,40.8795916421492,40.8795916421492,40.8795916421492,70.0573875952903,69.14000000000001,68.22261240470974
2025-04-17,67.4,68.5,68.8,67.0,57.0,4647600.0,23.67,-44000.0,0.0,0.0,6000.0,35.30325803834472,35.30325803834472,35.30325803834472,35.30325803834472,35.30325803834472,70.50475517508916,68.82000000000002,67.13524482491088
2025-04-18,64.0,66.1,66.1,63.7,58.0,5664721.0,23.64,-19000.0,0.0,0.0,7000.0,24.279095333946596,24.279095333946596,24.279095333946596,24.279095333946596,24.279095333946596,71.8521388050743,67.76000000000002,63.66786119492574
2025-04-21,61.3,63.6,63.6,60.9,45.0,3716849.0,23.63,-7000.0,0.0,-9000.0,8000.0,19.16183553709208,19.16183553709208,19.16183553709208,19.16183553709208,19.16183553709208,72.4980888811796,66.22000000000003,59.94191111882046
2025-04-22,61.9,61.5,61.9,56.1,100.0,10046834.0,23.68,30000.0,0.0,-9000.0,-8010.0,23.043537875564223,23.043537875564223,23.043537875564223,23.043537875564223,23.043537875564223,70.38804993043432,64.62000000000003,58.85195006956574
2025-04-23,61.5,61.2,61.7,60.0,44.0,2974596.0,23.68,-1000.0,0.0,-9000.0,-986.0,22.27559567112167,22.27559567112167,22.27559567112167,22.27559567112167,22.27559567112167,67.82156495118643,63.22000000000003,58.61843504881362
2025-04-24,61.4,61.3,61.4,61.3,101.0,208585.0,23.68,0.0,0.0,0.0,-2000.0,22.077509502746597,22.077509502746597,22.077509502746597,22.077509502746597,22.077509502746597,64.04148460295538,62.020000000000024,59.99851539704466
2025-04-25,61.8,61.4,61.8,61.4,14.0,374287.0,23.68,0.0,0.0,0.0,-3000.0,24.952304373884672,24.952304373884672,24.952304373884672,24.952304373884672,24.952304373884672,62.0430334760987,61.58000000000003,61.116966523901354
2025-04-28,61.8,61.8,61.8,61.8,2.0,185461.0,23.68,0.0,0.0,0.0,0.0,24.952304373884672,24.952304373884672,24.952304373884672,24.952304373884672,24.952304373884672,62.067814388577496,61.68000000000003,61.29218561142256
2025-04-29,61.8,62.2,62.2,61.7,6.0,432955.0,23.68,1000.0,0.0,0.0,-1000.0,24.952304373884672,24.952304373884672,24.952304373884672,24.952304373884672,24.952304373884672,62.0087119154656,61.660000000000025,61.31128808453445
2025-04-30,61.6,61.6,62.4,61.6,18.0,1354900.0,23.71,14850.0,0.0,0.0,-6000.0,24.390368886061918,24.390368886061918,24.390368886061918,24.390368886061918,24.390368886061918,61.99999999997976,61.68000000000003,61.3600000000203
2025-05-02,61.0,60.9,61.0,60.8,13.0,670470.0,23.7,-1000.0,0.0,0.0,1000.0,22.736129798213685,22.736129798213685,22.736129798213685,22.736129798213685,22.736129798213685,62.21967733538588,61.60000000000002,60.980322664614164
2025-05-05,56.2,60.8,60.8,56.2,29.0,4477700.0,23.7,-6000.0,0.0,16000.0,7000.0,14.350671502457606,14.350671502457606,14.350671502457606,14.350671502457606,14.350671502457606,64.7999999999993,60.48000000000002,56.160000000000736
2025-05-06,58.5,56.2,58.5,55.6,37.0,2725072.0,23.69,-2000.0,0.0,-17000.0,-9000.0,28.045047193658124,28.045047193658124,28.045047193658124,28.045047193658124,28.045047193658124,64.13999999999972,59.820000000000014,55.50000000000031
2025-05-07,61.2,59.9,61.2,59.5,47.0,3138920.0,23.69,-6000.0,0.0,0.0,5000.0,40.14397208392395,40.14397208392395,40.14397208392395,40.14397208392395,40.14397208392395,63.822135368956275,59.70000000000001,55.577864631043745
2025-05-08,62.0,61.0,62.4,60.6,49.0,2982654.0,23.69,0.0,0.0,0.0,-2000.0,43.19191709583256,43.19191709583256,43.19191709583256,43.19191709583256,43.19191709583256,64.05906531850086,59.780000000000015,55.50093468149918
2025-05-09,63.0,62.0,63.0,61.7,24.0,1497192.0,23.69,3000.0,0.0,0.0,-1000.0,46.83618321368326,46.83618321368326,46.83618321368326,46.83618321368326,46.83618321368326,65.15738887369605,60.18000000000002,55.202611126304
2025-05-12,64.0,63.6,65.5,62.4,31.0,2356000.0,23.7,6000.0,0.0,0.0,1000.0,50.271671668568075,50.271671668568075,50.271671668568075,50.271671668568075,50.271671668568075,65.4872122971606,61.74000000000002,57.99278770283946
2025-05-13,63.9,64.2,66.0,63.6,27.0,2320261.0,23.69,-2000.0,0.0,0.0,4000.0,49.924240727450325,49.924240727450325,49.924240727450325,49.924240727450325,49.924240727450325,64.99034559459841,62.820000000000014,60.64965440540162
2025-05-14,66.0,64.5,66.0,63.6,101.0,2282466.0,23.66,-13850.0,0.0,0.0,6000.0,56.69297540045349,56.69297540045349,56.69297540045349,56.69297540045349,56.69297540045349,66.4284712571578,63.780000000000015,61.131528742842235
2025-05-15,65.4,67.7,67.7,63.6,78.0,5689512.0,23.62,-24000.0,0.0,0.0,-1000.0,54.429224014028655,54.429224014028655,54.429224014028655,54.429224014028655,54.429224014028655,66.6347643550498,64.46000000000001,62.28523564495022
2025-05-16,65.1,66.0,66.0,65.1,4.0,196263.0,23.62,-1000.0,0.0,0.0,0.0,53.28358549385285,53.28358549385285,53.28358549385285,53.28358549385285,53.28358549385285,66.5067759526079,64.88000000000002,63.25322404739215
2025-05-19,65.0,65.9,65.9,65.0,28.0,201460.0,23.61,-2000.0,0.0,0.0,0.0,52.88400595710804,52.88400595710804,52.88400595710804,52.88400595710804,52.88400595710804,66.45054733591749,65.08000000000001,63.709452664082534
2025-05-20,65.2,65.2,65.2,65.2,5.0,260861.0,23.62,2000.0,0.0,0.0,-3000.0,53.632923817567004,53.632923817567004,53.632923817567004,53.632923817567004,53.632923817567004,66.05105555337788,65.34000000000002,64.62894444662216
2025-05-21,63.9,64.8,64.8,63.1,26.0,1961659.0,23.6,-7400.0,0.0,0.0,5000.0,48.2628880734723,48.2628880734723,48.2628880734723,48.2628880734723,48.2628880734723,65.97375518978106,64.92000000000002,63.86624481021897
2025-05-22,64.3,64.3,64.3,64.3,3.0,64481.0,23.6,0.0,0.0,0.0,-1000.0,49.92428789492977,49.92428789492977,49.92428789492977,49.92428789492977,49.92428789492977,65.71980390271544,64.70000000000002,63.6801960972846
2025-05-23,64.0,64.0,64.0,64.0,2.0,128000.0,23.6,0.0,0.0,0.0,0.0,48.66214316997717,48.66214316997717,48.66214316997717,48.66214316997717,48.66214316997717,65.53375518978106,64.48000000000002,63.426244810218975
2025-05-26,63.5,63.5,63.5,63.5,136.0,117484.0,23.61,1800.0,0.0,0.0,0.0,46.54987418563737,46.54987418563737,46.54987418563737,46.54987418563737,46.54987418563737,65.32122740941043,64.18000000000002,63.03877259058962
2025-05-27,63.5,61.6,63.5,61.6,3.0,188300.0,23.61,1000.0,0.0,0.0,0.0,46.54987418563737,46.54987418563737,46.54987418563737,46.54987418563737,46.54987418563737,64.45449165982342,63.84000000000002,63.22550834017661
2025-05-28,63.7,63.2,63.7,63.1,4.0,190060.0,23.61,0.0,0.0,0.0,-1000.0,47.60493556708059,47.60493556708059,47.60493556708059,47.60493556708059,47.60493556708059,64.41967733538296,63.800000000000026,63.1803226646171
2025-05-29,64.4,63.6,66.3,62.9,31.0,2191000.0,23.6,-8000.0,0.0,0.0,-3000.0,51.23325482006037,51.23325482006037,51.23325482006037,51.23325482006037,51.23325482006037,64.50585712797015,63.82000000000003,63.13414287202991
2025-06-02,63.3,64.2,64.2,63.2,3.0,190700.0,23.6,-1000.0,0.0,0.0,-1000.0,45.85899148547279,45.85899148547279,45.85899148547279,45.85899148547279,45.85899148547279,64.443151361126,63.68000000000003,62.916848638874065
2025-06-03,63.3,64.2,64.2,62.9,7.0,379962.0,23.59,-1000.0,0.0,0.0,-1000.0,45.858991485472785,45.858991485472785,45.858991485472785,45.858991485472785,45.858991485472785,64.45584312216724,63.64000000000003,62.82415687783282
2025-06-04,64.1,65.3,65.3,62.9,5.0,511300.0,23.59,5000.0,0.0,0.0,-4000.0,50.25988117101529,50.25988117101529,50.25988117101529,50.25988117101529,50.25988117101529,64.63269696916036,63.76000000000003,62.8873030308397
2025-06-05,65.0,65.0,65.0,64.7,6.0,583961.0,23.59,-2000.0,0.0,0.0,4000.0,54.719171152183755,54.719171152183755,54.719171152183755,54.719171152183755,54.719171152183755,65.33087756864623,64.02000000000004,62.709122431353855
2025-06-06,64.9,63.8,64.9,63.8,2.0,128700.0,23.59,0.0,0.0,0.0,0.0,54.138398080635355,54.138398080635355,54.138398080635355,54.138398080635355,54.138398080635355,65.59729482500394,64.12000000000003,62.64270517499613
2025-06-09,65.0,66.6,66.6,65.0,3.0,261600.0,23.59,-1000.0,0.0,0.0,3000.0,54.65667870401977,54.65667870401977,54.65667870401977,54.65667870401977,54.65667870401977,65.80223693883784,64.46000000000004,63.11776306116223
2025-06-10,65.5,65.5,65.5,65.5,4.0,196565.0,23.59,2000.0,0.0,0.0,-3000.0,57.25761204446419,57.25761204446419,57.25761204446419,57.25761204446419,57.25761204446419,65.80332718324026,64.90000000000003,63.99667281675982
2025-06-11,65.5,65.5,65.9,65.5,4.0,197559.0,23.59,-1000.0,0.0,0.0,0.0,57.25761204446419,57.25761204446419,57.25761204446419,57.25761204446419,57.25761204446419,65.70763623831644,65.18000000000004,64.65236376168363
2025-06-12,65.5,65.5,65.5,65.5,4.0,131123.0,23.59,0.0,0.0,0.0,0.0,57.25761204446418,57.25761204446418,57.25761204446418,57.25761204446418,57.25761204446418,65.82258639863225,65.28000000000004,64.73741360136783
2025-06-13,64.8,65.0,66.0,61.9,34.0,2954200.0,23.58,-6000.0,0.0,0.0,4000.0,52.03821461434652,52.03821461434652,52.03821461434652,52.03821461434652,52.03821461434652,65.86133185511696,65.26000000000005,64.65866814488314
2025-06-16,65.0,64.2,65.0,64.2,9.0,285754.0,23.58,2000.0,0.0,0.0,1000.0,53.346750605925074,53.346750605925074,53.346750605925074,53.346750605925074,53.346750605925074,65.86133185511696,65.26000000000005,64.65866814488314
2025-06-17,65.0,64.3,65.0,63.6,4.0,385100.0,23.59,4000.0,0.0,0.0,-2000.0,53.346750605925074,53.346750605925074,53.346750605925074,53.346750605925074,53.346750605925074,65.73410800375181,65.16000000000005,64.5858919962483
2025-06-18,64.7,65.0,65.0,63.2,15.0,1213500.0,23.59,0.0,0.0,0.0,-1000.0,50.92950695225436,50.92950695225436,50.92950695225436,50.92950695225436,50.92950695225436,65.55136195006394,65.00000000000004,64.44863804993615
2025-06-19,64.3,63.7,65.5,63.2,12.0,538654.0,23.58,-4000.0,0.0,0.0,1000.0,47.81829254015213,47.81829254015213,47.81829254015213,47.81829254015213,47.81829254015213,65.27536394905026,64.76000000000005,64.24463605094984
2025-06-20,63.9,62.8,63.9,62.8,2.0,126700.0,23.58,-1000.0,0.0,0.0,0.0,44.866617883171045,44.866617883171045,44.866617883171045,44.866617883171045,44.866617883171045,65.43229103009348,64.58000000000004,63.72770896990661
